{
  "Packages": [
    {
      "Package": {
        "Id": "Twilio",
        "Version": "4.7.2"
      },
      "Assemblies": [
        "C:\\Users\\SP00479427\\.nuget\\packages\\restsharp/106.3.1\\lib/net452/RestSharp.dll",
        "C:\\Users\\SP00479427\\.nuget\\packages\\twilio/4.7.2\\lib/3.5/Twilio.Api.dll"
      ]
    },
    {
      "Package": {
        "Id": "UiPath",
        "Version": "19.7.7128.27029"
      },
      "Assemblies": [
        "C:\\Users\\SP00479427\\.nuget\\packages\\uipath/19.7.7128.27029\\lib/UiPath.Interop.dll"
      ]
    },
    {
      "Package": {
        "Id": "UiPath.CefSharpBundle",
        "Version": "1.1.0"
      },
      "Assemblies": [
        "C:\\Users\\SP00479427\\.nuget\\packages\\uipath.cefsharpbundle/1.1.0\\lib/net452/CefSharp.BrowserSubprocess.Core.dll",
        "C:\\Users\\SP00479427\\.nuget\\packages\\uipath.cefsharpbundle/1.1.0\\lib/net452/CefSharp.Core.dll",
        "C:\\Users\\SP00479427\\.nuget\\packages\\uipath.cefsharpbundle/1.1.0\\lib/net452/CefSharp.Wpf.dll",
        "C:\\Users\\SP00479427\\.nuget\\packages\\uipath.cefsharpbundle/1.1.0\\lib/net452/CefSharp.dll",
        "C:\\Users\\SP00479427\\.nuget\\packages\\uipath.cefsharpbundle/1.1.0\\lib/net452/UiPath.CEFSharpBundle.dll",
        "C:\\Users\\SP00479427\\.nuget\\packages\\uipath.cefsharpbundle/1.1.0\\lib/net452/chrome_elf.dll",
        "C:\\Users\\SP00479427\\.nuget\\packages\\uipath.cefsharpbundle/1.1.0\\lib/net452/d3dcompiler_47.dll",
        "C:\\Users\\SP00479427\\.nuget\\packages\\uipath.cefsharpbundle/1.1.0\\lib/net452/libEGL.dll",
        "C:\\Users\\SP00479427\\.nuget\\packages\\uipath.cefsharpbundle/1.1.0\\lib/net452/libGLESv2.dll",
        "C:\\Users\\SP00479427\\.nuget\\packages\\uipath.cefsharpbundle/1.1.0\\lib/net452/libcef.dll",
        "C:\\Users\\SP00479427\\.nuget\\packages\\uipath.cefsharpbundle/1.1.0\\lib/net452/msvcp140.dll",
        "C:\\Users\\SP00479427\\.nuget\\packages\\uipath.cefsharpbundle/1.1.0\\lib/net452/swiftshader/libEGL.dll",
        "C:\\Users\\SP00479427\\.nuget\\packages\\uipath.cefsharpbundle/1.1.0\\lib/net452/swiftshader/libGLESv2.dll",
        "C:\\Users\\SP00479427\\.nuget\\packages\\uipath.cefsharpbundle/1.1.0\\lib/net452/vcruntime140.dll"
      ]
    },
    {
      "Package": {
        "Id": "UiPath.Cognitive.Activities",
        "Version": "2.2.3"
      },
      "Assemblies": [
        "C:\\Users\\SP00479427\\.nuget\\packages\\newtonsoft.json/12.0.2\\lib/net45/Newtonsoft.Json.dll",
        "C:\\Users\\SP00479427\\.nuget\\packages\\uipath.cognitive.activities/2.2.3\\lib/net452/UiPath.Cognitive.Activities.Design.dll",
        "C:\\Users\\SP00479427\\.nuget\\packages\\uipath.cognitive.activities/2.2.3\\lib/net452/UiPath.Cognitive.Activities.dll",
        "C:\\Users\\SP00479427\\.nuget\\packages\\uipath.cognitive.activities/2.2.3\\lib/net452/UiPath.Cognitive.dll"
      ]
    },
    {
      "Package": {
        "Id": "UiPath.ComputerVision.Activities",
        "Version": "2.0.1"
      },
      "Assemblies": [
        "C:\\Users\\SP00479427\\.nuget\\packages\\avalonedit/5.0.3\\lib/Net40/ICSharpCode.AvalonEdit.dll",
        "C:\\Users\\SP00479427\\.nuget\\packages\\extended.wpf.toolkit/2.8.0\\lib/net40/Xceed.Wpf.AvalonDock.Themes.Aero.dll",
        "C:\\Users\\SP00479427\\.nuget\\packages\\extended.wpf.toolkit/2.8.0\\lib/net40/Xceed.Wpf.AvalonDock.Themes.Metro.dll",
        "C:\\Users\\SP00479427\\.nuget\\packages\\extended.wpf.toolkit/2.8.0\\lib/net40/Xceed.Wpf.AvalonDock.Themes.VS2010.dll",
        "C:\\Users\\SP00479427\\.nuget\\packages\\extended.wpf.toolkit/2.8.0\\lib/net40/Xceed.Wpf.AvalonDock.dll",
        "C:\\Users\\SP00479427\\.nuget\\packages\\extended.wpf.toolkit/2.8.0\\lib/net40/Xceed.Wpf.DataGrid.dll",
        "C:\\Users\\SP00479427\\.nuget\\packages\\extended.wpf.toolkit/2.8.0\\lib/net40/Xceed.Wpf.Toolkit.dll",
        "C:\\Users\\SP00479427\\.nuget\\packages\\humanizer.core/2.4.2\\lib/netstandard2.0/Humanizer.dll",
        "C:\\Users\\SP00479427\\.nuget\\packages\\newtonsoft.json/12.0.2\\lib/net45/Newtonsoft.Json.dll",
        "C:\\Users\\SP00479427\\.nuget\\packages\\uipath/19.7.7128.27029\\lib/UiPath.Interop.dll",
        "C:\\Users\\SP00479427\\.nuget\\packages\\uipath.computervision.activities/2.0.1\\lib/net461/UiPath.CV.Activities.Design.dll",
        "C:\\Users\\SP00479427\\.nuget\\packages\\uipath.computervision.activities/2.0.1\\lib/net461/UiPath.CV.Activities.dll",
        "C:\\Users\\SP00479427\\.nuget\\packages\\uipath.computervision.activities/2.0.1\\lib/net461/UiPath.CV.dll",
        "C:\\Users\\SP00479427\\.nuget\\packages\\uipath.ocr.contracts/2.1.0\\lib/net45/UiPath.OCR.Contracts.dll",
        "C:\\Users\\SP00479427\\.nuget\\packages\\uipath.uiautomation.activities/19.7.0\\lib/net461/ActiproSoftware.DataGrid.Contrib.Wpf.dll",
        "C:\\Users\\SP00479427\\.nuget\\packages\\uipath.uiautomation.activities/19.7.0\\lib/net461/ActiproSoftware.Docking.Wpf.dll",
        "C:\\Users\\SP00479427\\.nuget\\packages\\uipath.uiautomation.activities/19.7.0\\lib/net461/ActiproSoftware.Editors.Wpf.dll",
        "C:\\Users\\SP00479427\\.nuget\\packages\\uipath.uiautomation.activities/19.7.0\\lib/net461/ActiproSoftware.Ribbon.Wpf.dll",
        "C:\\Users\\SP00479427\\.nuget\\packages\\uipath.uiautomation.activities/19.7.0\\lib/net461/ActiproSoftware.Shared.Wpf.dll",
        "C:\\Users\\SP00479427\\.nuget\\packages\\uipath.uiautomation.activities/19.7.0\\lib/net461/ActiproSoftware.SyntaxEditor.Addons.DotNet.Wpf.dll",
        "C:\\Users\\SP00479427\\.nuget\\packages\\uipath.uiautomation.activities/19.7.0\\lib/net461/ActiproSoftware.SyntaxEditor.Wpf.dll",
        "C:\\Users\\SP00479427\\.nuget\\packages\\uipath.uiautomation.activities/19.7.0\\lib/net461/ActiproSoftware.Text.Addons.DotNet.Wpf.dll",
        "C:\\Users\\SP00479427\\.nuget\\packages\\uipath.uiautomation.activities/19.7.0\\lib/net461/ActiproSoftware.Text.LLParser.Wpf.dll",
        "C:\\Users\\SP00479427\\.nuget\\packages\\uipath.uiautomation.activities/19.7.0\\lib/net461/ActiproSoftware.Text.Wpf.dll",
        "C:\\Users\\SP00479427\\.nuget\\packages\\uipath.uiautomation.activities/19.7.0\\lib/net461/ActiproSoftware.Wizard.Wpf.dll",
        "C:\\Users\\SP00479427\\.nuget\\packages\\uipath.uiautomation.activities/19.7.0\\lib/net461/UiPath.UIAutomation.Activities.Design.dll",
        "C:\\Users\\SP00479427\\.nuget\\packages\\uipath.uiautomation.activities/19.7.0\\lib/net461/UiPath.UiAutomation.Activities.dll",
        "C:\\Users\\SP00479427\\.nuget\\packages\\uipath.uiautomation.activities/19.7.0\\lib/net461/UiPath.Wizards.dll",
        "C:\\Users\\SP00479427\\.nuget\\packages\\uipath.vision/1.7.0\\lib/net452/UiPath.Vision.AbbyyCloud.dll",
        "C:\\Users\\SP00479427\\.nuget\\packages\\uipath.vision/1.7.0\\lib/net452/UiPath.Vision.AbbyyFRE11.dll",
        "C:\\Users\\SP00479427\\.nuget\\packages\\uipath.vision/1.7.0\\lib/net452/UiPath.Vision.AbbyyFRE12.dll",
        "C:\\Users\\SP00479427\\.nuget\\packages\\uipath.vision/1.7.0\\lib/net452/UiPath.Vision.AbbyyFRECommon.dll",
        "C:\\Users\\SP00479427\\.nuget\\packages\\uipath.vision/1.7.0\\lib/net452/UiPath.Vision.AzureComputerVision.dll",
        "C:\\Users\\SP00479427\\.nuget\\packages\\uipath.vision/1.7.0\\lib/net452/UiPath.Vision.Core.dll",
        "C:\\Users\\SP00479427\\.nuget\\packages\\uipath.vision/1.7.0\\lib/net452/UiPath.Vision.GoogleCloud.dll",
        "C:\\Users\\SP00479427\\.nuget\\packages\\uipath.vision/1.7.0\\lib/net452/UiPath.Vision.Microsoft.dll",
        "C:\\Users\\SP00479427\\.nuget\\packages\\uipath.vision/1.7.0\\lib/net452/UiPath.Vision.MicrosoftCloud.dll",
        "C:\\Users\\SP00479427\\.nuget\\packages\\uipath.vision/1.7.0\\lib/net452/UiPath.Vision.Tesseract.dll",
        "C:\\Users\\SP00479427\\.nuget\\packages\\uipath.vision/1.7.0\\lib/net452/UiPath.Vision.dll"
      ]
    },
    {
      "Package": {
        "Id": "UiPath.Credentials.Activities",
        "Version": "1.1.6479.13204"
      },
      "Assemblies": [
        "C:\\Users\\SP00479427\\.nuget\\packages\\credentialmanagement/1.0.2\\lib/net35/CredentialManagement.dll",
        "C:\\Users\\SP00479427\\.nuget\\packages\\uipath.credentials.activities/1.1.6479.13204\\lib/net40-client/UiPath.Credentials.Activities.dll"
      ]
    },
    {
      "Package": {
        "Id": "UiPath.Cryptography.Activities",
        "Version": "1.0.6863.32236"
      },
      "Assemblies": [
        "C:\\Users\\SP00479427\\.nuget\\packages\\uipath.cryptography.activities/1.0.6863.32236\\lib/net452/UiPath.Cryptography.Activities.Design.dll",
        "C:\\Users\\SP00479427\\.nuget\\packages\\uipath.cryptography.activities/1.0.6863.32236\\lib/net452/UiPath.Cryptography.Activities.dll",
        "C:\\Users\\SP00479427\\.nuget\\packages\\uipath.cryptography.activities/1.0.6863.32236\\lib/net452/UiPath.Cryptography.dll"
      ]
    },
    {
      "Package": {
        "Id": "UiPath.Database.Activities",
        "Version": "1.2.6863.32528"
      },
      "Assemblies": [
        "C:\\Users\\SP00479427\\.nuget\\packages\\uipath.database.activities/1.2.6863.32528\\lib/net40-Client/Microsoft.Data.ConnectionUI.Dialog.dll",
        "C:\\Users\\SP00479427\\.nuget\\packages\\uipath.database.activities/1.2.6863.32528\\lib/net40-Client/UiPath.Database.Activities.Design.dll",
        "C:\\Users\\SP00479427\\.nuget\\packages\\uipath.database.activities/1.2.6863.32528\\lib/net40-Client/UiPath.Database.Activities.dll",
        "C:\\Users\\SP00479427\\.nuget\\packages\\uipath.database.activities/1.2.6863.32528\\lib/net40-Client/UiPath.Database.dll"
      ]
    },
    {
      "Package": {
        "Id": "UiPath.DocumentProcessing.Contracts",
        "Version": "1.2.0"
      },
      "Assemblies": [
        "C:\\Users\\SP00479427\\.nuget\\packages\\newtonsoft.json/12.0.2\\lib/net45/Newtonsoft.Json.dll",
        "C:\\Users\\SP00479427\\.nuget\\packages\\uipath.documentprocessing.contracts/1.2.0\\lib/net461/UiPath.DocumentProcessing.Contracts.dll"
      ]
    },
    {
      "Package": {
        "Id": "UiPath.Excel.Activities",
        "Version": "2.6.3"
      },
      "Assemblies": [
        "C:\\Users\\SP00479427\\.nuget\\packages\\closedxml/0.87.1\\lib/net40/ClosedXML.dll",
        "C:\\Users\\SP00479427\\.nuget\\packages\\csvhelper/2.13.5\\lib/net40-client/CsvHelper.dll",
        "C:\\Users\\SP00479427\\.nuget\\packages\\documentformat.openxml/2.5.0\\lib/DocumentFormat.OpenXml.dll",
        "C:\\Users\\SP00479427\\.nuget\\packages\\microsoft.visualstudio.ole.interop/7.10.6071\\lib/Microsoft.VisualStudio.OLE.Interop.dll",
        "C:\\Users\\SP00479427\\.nuget\\packages\\npoi/2.4.1\\lib/net45/NPOI.OOXML.dll",
        "C:\\Users\\SP00479427\\.nuget\\packages\\npoi/2.4.1\\lib/net45/NPOI.OpenXml4Net.dll",
        "C:\\Users\\SP00479427\\.nuget\\packages\\npoi/2.4.1\\lib/net45/NPOI.OpenXmlFormats.dll",
        "C:\\Users\\SP00479427\\.nuget\\packages\\npoi/2.4.1\\lib/net45/NPOI.dll",
        "C:\\Users\\SP00479427\\.nuget\\packages\\sharpziplib/1.0.0\\lib/net45/ICSharpCode.SharpZipLib.dll",
        "C:\\Users\\SP00479427\\.nuget\\packages\\uipath.excel.activities/2.6.3\\lib/net461/UiPath.Excel.Activities.Design.dll",
        "C:\\Users\\SP00479427\\.nuget\\packages\\uipath.excel.activities/2.6.3\\lib/net461/UiPath.Excel.Activities.dll",
        "C:\\Users\\SP00479427\\.nuget\\packages\\uipath.excel.activities/2.6.3\\lib/net461/UiPath.Excel.dll"
      ]
    },
    {
      "Package": {
        "Id": "UiPath.FTP.Activities",
        "Version": "1.0.6479.13206"
      },
      "Assemblies": [
        "C:\\Users\\SP00479427\\.nuget\\packages\\ssh.net/2013.4.7\\lib/net40/Renci.SshNet.dll",
        "C:\\Users\\SP00479427\\.nuget\\packages\\system.net.ftpclient/1.0.5281.14359\\lib/net40/System.Net.FtpClient.dll",
        "C:\\Users\\SP00479427\\.nuget\\packages\\uipath.ftp.activities/1.0.6479.13206\\lib/net40/UiPath.FTP.Activities.Design.dll",
        "C:\\Users\\SP00479427\\.nuget\\packages\\uipath.ftp.activities/1.0.6479.13206\\lib/net40/UiPath.FTP.Activities.dll"
      ]
    },
    {
      "Package": {
        "Id": "UiPath.GSuite.Activities",
        "Version": "1.2.0"
      },
      "Assemblies": [
        "C:\\Users\\SP00479427\\.nuget\\packages\\bouncycastle/1.8.5\\lib/BouncyCastle.Crypto.dll",
        "C:\\Users\\SP00479427\\.nuget\\packages\\google.apis/1.39.0\\lib/net45/Google.Apis.PlatformServices.dll",
        "C:\\Users\\SP00479427\\.nuget\\packages\\google.apis/1.39.0\\lib/net45/Google.Apis.dll",
        "C:\\Users\\SP00479427\\.nuget\\packages\\google.apis.auth/1.39.0\\lib/net45/Google.Apis.Auth.PlatformServices.dll",
        "C:\\Users\\SP00479427\\.nuget\\packages\\google.apis.auth/1.39.0\\lib/net45/Google.Apis.Auth.dll",
        "C:\\Users\\SP00479427\\.nuget\\packages\\google.apis.calendar.v3/1.39.0.1573\\lib/net45/Google.Apis.Calendar.v3.dll",
        "C:\\Users\\SP00479427\\.nuget\\packages\\google.apis.core/1.39.0\\lib/net45/Google.Apis.Core.dll",
        "C:\\Users\\SP00479427\\.nuget\\packages\\google.apis.docs.v1/1.39.0.1576\\lib/net45/Google.Apis.Docs.v1.dll",
        "C:\\Users\\SP00479427\\.nuget\\packages\\google.apis.drive.v3/1.39.0.1566\\lib/net45/Google.Apis.Drive.v3.dll",
        "C:\\Users\\SP00479427\\.nuget\\packages\\google.apis.gmail.v1/1.39.0.1572\\lib/net45/Google.Apis.Gmail.v1.dll",
        "C:\\Users\\SP00479427\\.nuget\\packages\\google.apis.sheets.v4/1.39.0.1565\\lib/net45/Google.Apis.Sheets.v4.dll",
        "C:\\Users\\SP00479427\\.nuget\\packages\\mimekit/2.1.4\\lib/net45/MimeKit.dll",
        "C:\\Users\\SP00479427\\.nuget\\packages\\newtonsoft.json/12.0.2\\lib/net45/Newtonsoft.Json.dll",
        "C:\\Users\\SP00479427\\.nuget\\packages\\nodatime/2.4.5\\lib/net45/NodaTime.dll",
        "C:\\Users\\SP00479427\\.nuget\\packages\\uipath.gsuite.activities/1.2.0\\lib/net461/UiPath.GSuite.Activities.Design.dll",
        "C:\\Users\\SP00479427\\.nuget\\packages\\uipath.gsuite.activities/1.2.0\\lib/net461/UiPath.GSuite.Activities.dll",
        "C:\\Users\\SP00479427\\.nuget\\packages\\uipath.gsuite.activities/1.2.0\\lib/net461/UiPath.GSuite.dll"
      ]
    },
    {
      "Package": {
        "Id": "UiPath.IntelligentOCR.Activities",
        "Version": "3.0.0"
      },
      "Assemblies": [
        "C:\\Users\\SP00479427\\.nuget\\packages\\aforge/2.2.5\\lib/AForge.dll",
        "C:\\Users\\SP00479427\\.nuget\\packages\\aforge.genetic/2.2.5\\lib/AForge.Genetic.dll",
        "C:\\Users\\SP00479427\\.nuget\\packages\\aforge.imaging/2.2.5\\lib/AForge.Imaging.dll",
        "C:\\Users\\SP00479427\\.nuget\\packages\\aforge.math/2.2.5\\lib/AForge.Math.dll",
        "C:\\Users\\SP00479427\\.nuget\\packages\\aforge.neuro/2.2.5\\lib/AForge.Neuro.dll",
        "C:\\Users\\SP00479427\\.nuget\\packages\\bitmiracle.docotic.pdf/5.9.9640\\lib/net40/BitMiracle.Docotic.Pdf.dll",
        "C:\\Users\\SP00479427\\.nuget\\packages\\csvhelper/2.13.5\\lib/net40-client/CsvHelper.dll",
        "C:\\Users\\SP00479427\\.nuget\\packages\\fsharp.core/4.0.0.1\\lib/net40/FSharp.Core.dll",
        "C:\\Users\\SP00479427\\.nuget\\packages\\ivanakcheurov.ntextcat.lib/0.2.1.1\\lib/net40/IvanAkcheurov.Commons.dll",
        "C:\\Users\\SP00479427\\.nuget\\packages\\ivanakcheurov.ntextcat.lib/0.2.1.1\\lib/net40/IvanAkcheurov.NClassify.dll",
        "C:\\Users\\SP00479427\\.nuget\\packages\\ivanakcheurov.ntextcat.lib/0.2.1.1\\lib/net40/IvanAkcheurov.NTextCat.Lib.dll",
        "C:\\Users\\SP00479427\\.nuget\\packages\\mathnet.numerics/4.5.1\\lib/net461/MathNet.Numerics.dll",
        "C:\\Users\\SP00479427\\.nuget\\packages\\metrics.net/0.5.5\\lib/net45/Metrics.dll",
        "C:\\Users\\SP00479427\\.nuget\\packages\\microsoft.xaml.behaviors.wpf/1.0.1\\lib/net45/Microsoft.Xaml.Behaviors.dll",
        "C:\\Users\\SP00479427\\.nuget\\packages\\newtonsoft.json/12.0.2\\lib/net45/Newtonsoft.Json.dll",
        "C:\\Users\\SP00479427\\.nuget\\packages\\numsense/0.12.0\\lib/net45/Ploeh.Numsense.dll",
        "C:\\Users\\SP00479427\\.nuget\\packages\\system.collections.immutable/1.5.0\\lib/netstandard2.0/System.Collections.Immutable.dll",
        "C:\\Users\\SP00479427\\.nuget\\packages\\system.runtime.interopservices.runtimeinformation/4.3.0\\lib/net45/System.Runtime.InteropServices.RuntimeInformation.dll",
        "C:\\Users\\SP00479427\\.nuget\\packages\\system.valuetuple/4.5.0\\lib/net461/System.ValueTuple.dll",
        "C:\\Users\\SP00479427\\.nuget\\packages\\uipath.cefsharpbundle/1.1.0\\lib/net452/CefSharp.BrowserSubprocess.Core.dll",
        "C:\\Users\\SP00479427\\.nuget\\packages\\uipath.cefsharpbundle/1.1.0\\lib/net452/CefSharp.Core.dll",
        "C:\\Users\\SP00479427\\.nuget\\packages\\uipath.cefsharpbundle/1.1.0\\lib/net452/CefSharp.Wpf.dll",
        "C:\\Users\\SP00479427\\.nuget\\packages\\uipath.cefsharpbundle/1.1.0\\lib/net452/CefSharp.dll",
        "C:\\Users\\SP00479427\\.nuget\\packages\\uipath.cefsharpbundle/1.1.0\\lib/net452/UiPath.CEFSharpBundle.dll",
        "C:\\Users\\SP00479427\\.nuget\\packages\\uipath.cefsharpbundle/1.1.0\\lib/net452/chrome_elf.dll",
        "C:\\Users\\SP00479427\\.nuget\\packages\\uipath.cefsharpbundle/1.1.0\\lib/net452/d3dcompiler_47.dll",
        "C:\\Users\\SP00479427\\.nuget\\packages\\uipath.cefsharpbundle/1.1.0\\lib/net452/libEGL.dll",
        "C:\\Users\\SP00479427\\.nuget\\packages\\uipath.cefsharpbundle/1.1.0\\lib/net452/libGLESv2.dll",
        "C:\\Users\\SP00479427\\.nuget\\packages\\uipath.cefsharpbundle/1.1.0\\lib/net452/libcef.dll",
        "C:\\Users\\SP00479427\\.nuget\\packages\\uipath.cefsharpbundle/1.1.0\\lib/net452/msvcp140.dll",
        "C:\\Users\\SP00479427\\.nuget\\packages\\uipath.cefsharpbundle/1.1.0\\lib/net452/swiftshader/libEGL.dll",
        "C:\\Users\\SP00479427\\.nuget\\packages\\uipath.cefsharpbundle/1.1.0\\lib/net452/swiftshader/libGLESv2.dll",
        "C:\\Users\\SP00479427\\.nuget\\packages\\uipath.cefsharpbundle/1.1.0\\lib/net452/vcruntime140.dll",
        "C:\\Users\\SP00479427\\.nuget\\packages\\uipath.documentprocessing.contracts/1.2.0\\lib/net461/UiPath.DocumentProcessing.Contracts.dll",
        "C:\\Users\\SP00479427\\.nuget\\packages\\uipath.intelligentocr.activities/3.0.0\\lib/net461/FCEngine.VisualComponents.dll",
        "C:\\Users\\SP00479427\\.nuget\\packages\\uipath.intelligentocr.activities/3.0.0\\lib/net461/Interop.FCEngine.dll",
        "C:\\Users\\SP00479427\\.nuget\\packages\\uipath.intelligentocr.activities/3.0.0\\lib/net461/UiPath.IntelligentOCR.Activities.Design.dll",
        "C:\\Users\\SP00479427\\.nuget\\packages\\uipath.intelligentocr.activities/3.0.0\\lib/net461/UiPath.IntelligentOCR.Activities.dll",
        "C:\\Users\\SP00479427\\.nuget\\packages\\uipath.intelligentocr.activities/3.0.0\\lib/net461/UiPath.IntelligentOCR.dll",
        "C:\\Users\\SP00479427\\.nuget\\packages\\uipath.intelligentocr.activities/3.0.0\\lib/net461/UiPath.SmartData.Data.dll",
        "C:\\Users\\SP00479427\\.nuget\\packages\\uipath.intelligentocr.activities/3.0.0\\lib/net461/UiPath.SmartData.Digitization.dll",
        "C:\\Users\\SP00479427\\.nuget\\packages\\uipath.intelligentocr.activities/3.0.0\\lib/net461/UiPath.SmartData.DocumentClassification.dll",
        "C:\\Users\\SP00479427\\.nuget\\packages\\uipath.intelligentocr.activities/3.0.0\\lib/net461/UiPath.SmartData.FixedForms.dll",
        "C:\\Users\\SP00479427\\.nuget\\packages\\uipath.intelligentocr.activities/3.0.0\\lib/net461/UiPath.SmartData.Host.Local.Infrastructure.dll",
        "C:\\Users\\SP00479427\\.nuget\\packages\\uipath.intelligentocr.activities/3.0.0\\lib/net461/UiPath.SmartData.ImageProcessing.dll",
        "C:\\Users\\SP00479427\\.nuget\\packages\\uipath.intelligentocr.activities/3.0.0\\lib/net461/UiPath.SmartData.Language.dll",
        "C:\\Users\\SP00479427\\.nuget\\packages\\uipath.intelligentocr.activities/3.0.0\\lib/net461/UiPath.SmartData.Localization.dll",
        "C:\\Users\\SP00479427\\.nuget\\packages\\uipath.intelligentocr.activities/3.0.0\\lib/net461/UiPath.SmartData.OCR.dll",
        "C:\\Users\\SP00479427\\.nuget\\packages\\uipath.intelligentocr.activities/3.0.0\\lib/net461/UiPath.SmartData.OutOfProcessUi.Common.dll",
        "C:\\Users\\SP00479427\\.nuget\\packages\\uipath.intelligentocr.activities/3.0.0\\lib/net461/UiPath.SmartData.PDF.dll",
        "C:\\Users\\SP00479427\\.nuget\\packages\\uipath.intelligentocr.activities/3.0.0\\lib/net461/UiPath.SmartData.TableProcessing.dll",
        "C:\\Users\\SP00479427\\.nuget\\packages\\uipath.intelligentocr.activities/3.0.0\\lib/net461/UiPath.SmartData.TaxonomyManager.Host.Local.dll",
        "C:\\Users\\SP00479427\\.nuget\\packages\\uipath.intelligentocr.activities/3.0.0\\lib/net461/UiPath.SmartData.TaxonomyManager.dll",
        "C:\\Users\\SP00479427\\.nuget\\packages\\uipath.intelligentocr.activities/3.0.0\\lib/net461/UiPath.SmartData.Utils.dll",
        "C:\\Users\\SP00479427\\.nuget\\packages\\uipath.intelligentocr.activities/3.0.0\\lib/net461/UiPath.SmartData.ValidationStation.Host.Local.dll",
        "C:\\Users\\SP00479427\\.nuget\\packages\\uipath.intelligentocr.activities/3.0.0\\lib/net461/UiPath.SmartData.ValidationStation.ValueParsing.dll",
        "C:\\Users\\SP00479427\\.nuget\\packages\\uipath.intelligentocr.activities/3.0.0\\lib/net461/UiPath.SmartData.ValidationStation.dll",
        "C:\\Users\\SP00479427\\.nuget\\packages\\uipath.ocr.contracts/2.1.0\\lib/net45/UiPath.OCR.Contracts.dll",
        "C:\\Users\\SP00479427\\.nuget\\packages\\uipath.vision/1.7.0\\lib/net452/UiPath.Vision.AbbyyCloud.dll",
        "C:\\Users\\SP00479427\\.nuget\\packages\\uipath.vision/1.7.0\\lib/net452/UiPath.Vision.AbbyyFRE11.dll",
        "C:\\Users\\SP00479427\\.nuget\\packages\\uipath.vision/1.7.0\\lib/net452/UiPath.Vision.AbbyyFRE12.dll",
        "C:\\Users\\SP00479427\\.nuget\\packages\\uipath.vision/1.7.0\\lib/net452/UiPath.Vision.AbbyyFRECommon.dll",
        "C:\\Users\\SP00479427\\.nuget\\packages\\uipath.vision/1.7.0\\lib/net452/UiPath.Vision.AzureComputerVision.dll",
        "C:\\Users\\SP00479427\\.nuget\\packages\\uipath.vision/1.7.0\\lib/net452/UiPath.Vision.Core.dll",
        "C:\\Users\\SP00479427\\.nuget\\packages\\uipath.vision/1.7.0\\lib/net452/UiPath.Vision.GoogleCloud.dll",
        "C:\\Users\\SP00479427\\.nuget\\packages\\uipath.vision/1.7.0\\lib/net452/UiPath.Vision.Microsoft.dll",
        "C:\\Users\\SP00479427\\.nuget\\packages\\uipath.vision/1.7.0\\lib/net452/UiPath.Vision.MicrosoftCloud.dll",
        "C:\\Users\\SP00479427\\.nuget\\packages\\uipath.vision/1.7.0\\lib/net452/UiPath.Vision.Tesseract.dll",
        "C:\\Users\\SP00479427\\.nuget\\packages\\uipath.vision/1.7.0\\lib/net452/UiPath.Vision.dll"
      ]
    },
    {
      "Package": {
        "Id": "UiPath.Java.Activities",
        "Version": "1.0.6863.33114"
      },
      "Assemblies": [
        "C:\\Users\\SP00479427\\.nuget\\packages\\uipath.java.activities/1.0.6863.33114\\lib/net452/UiPath.Java.Activities.Design.dll",
        "C:\\Users\\SP00479427\\.nuget\\packages\\uipath.java.activities/1.0.6863.33114\\lib/net452/UiPath.Java.Activities.dll",
        "C:\\Users\\SP00479427\\.nuget\\packages\\uipath.java.activities/1.0.6863.33114\\lib/net452/UiPath.Java.dll"
      ]
    },
    {
      "Package": {
        "Id": "UiPath.Mail.Activities",
        "Version": "1.6.0"
      },
      "Assemblies": [
        "C:\\Users\\SP00479427\\.nuget\\packages\\bouncycastle/1.8.5\\lib/BouncyCastle.Crypto.dll",
        "C:\\Users\\SP00479427\\.nuget\\packages\\interop.domino.dll/1.0.0\\lib/Interop.Domino.dll",
        "C:\\Users\\SP00479427\\.nuget\\packages\\microsoft.exchange.webservices/2.2.0\\lib/40/Microsoft.Exchange.WebServices.Auth.dll",
        "C:\\Users\\SP00479427\\.nuget\\packages\\microsoft.exchange.webservices/2.2.0\\lib/40/Microsoft.Exchange.WebServices.dll",
        "C:\\Users\\SP00479427\\.nuget\\packages\\microsoft.extensions.filesystemglobbing/2.2.0\\lib/netstandard2.0/Microsoft.Extensions.FileSystemGlobbing.dll",
        "C:\\Users\\SP00479427\\.nuget\\packages\\system.valuetuple/4.5.0\\lib/net461/System.ValueTuple.dll",
        "C:\\Users\\SP00479427\\.nuget\\packages\\uipath.mail.activities/1.6.0\\lib/net461/MailKit.dll",
        "C:\\Users\\SP00479427\\.nuget\\packages\\uipath.mail.activities/1.6.0\\lib/net461/MimeKit.dll",
        "C:\\Users\\SP00479427\\.nuget\\packages\\uipath.mail.activities/1.6.0\\lib/net461/UiPath.Mail.Activities.Design.dll",
        "C:\\Users\\SP00479427\\.nuget\\packages\\uipath.mail.activities/1.6.0\\lib/net461/UiPath.Mail.Activities.dll",
        "C:\\Users\\SP00479427\\.nuget\\packages\\uipath.mail.activities/1.6.0\\lib/net461/UiPath.Mail.dll"
      ]
    },
    {
      "Package": {
        "Id": "UiPath.OCR.Contracts",
        "Version": "2.1.0"
      },
      "Assemblies": [
        "C:\\Users\\SP00479427\\.nuget\\packages\\uipath.ocr.contracts/2.1.0\\lib/net45/UiPath.OCR.Contracts.dll"
      ]
    },
    {
      "Package": {
        "Id": "UiPath.OmniPage.Activities",
        "Version": "1.1.0"
      },
      "Assemblies": [
        "C:\\Users\\SP00479427\\.nuget\\packages\\uipath.ocr.contracts/2.1.0\\lib/net45/UiPath.OCR.Contracts.dll",
        "C:\\Users\\SP00479427\\.nuget\\packages\\uipath.omnipage.activities/1.1.0\\lib/net452/UiPath.OmniPage.Activities.Design.dll",
        "C:\\Users\\SP00479427\\.nuget\\packages\\uipath.omnipage.activities/1.1.0\\lib/net452/UiPath.OmniPage.Activities.dll",
        "C:\\Users\\SP00479427\\.nuget\\packages\\uipath.omnipage.activities/1.1.0\\lib/net452/UiPath.Vision.OmniPage.Core.dll",
        "C:\\Users\\SP00479427\\.nuget\\packages\\uipath.omnipage.activities/1.1.0\\lib/net452/UiPath.Vision.OmniPage.dll",
        "C:\\Users\\SP00479427\\.nuget\\packages\\uipath.omnipage.bundle/1.0.1\\lib/net452/AppHelper.dll",
        "C:\\Users\\SP00479427\\.nuget\\packages\\uipath.omnipage.bundle/1.0.1\\lib/net452/AppProductConfig.dll",
        "C:\\Users\\SP00479427\\.nuget\\packages\\uipath.omnipage.bundle/1.0.1\\lib/net452/AppUtils.dll",
        "C:\\Users\\SP00479427\\.nuget\\packages\\uipath.omnipage.bundle/1.0.1\\lib/net452/Bnt.dll",
        "C:\\Users\\SP00479427\\.nuget\\packages\\uipath.omnipage.bundle/1.0.1\\lib/net452/CRX.dll",
        "C:\\Users\\SP00479427\\.nuget\\packages\\uipath.omnipage.bundle/1.0.1\\lib/net452/Defaults.dll",
        "C:\\Users\\SP00479427\\.nuget\\packages\\uipath.omnipage.bundle/1.0.1\\lib/net452/FireWrx2.dll",
        "C:\\Users\\SP00479427\\.nuget\\packages\\uipath.omnipage.bundle/1.0.1\\lib/net452/FireWrx3.dll",
        "C:\\Users\\SP00479427\\.nuget\\packages\\uipath.omnipage.bundle/1.0.1\\lib/net452/FireWrx4.dll",
        "C:\\Users\\SP00479427\\.nuget\\packages\\uipath.omnipage.bundle/1.0.1\\lib/net452/FireWrx5.dll",
        "C:\\Users\\SP00479427\\.nuget\\packages\\uipath.omnipage.bundle/1.0.1\\lib/net452/FireWrx6.dll",
        "C:\\Users\\SP00479427\\.nuget\\packages\\uipath.omnipage.bundle/1.0.1\\lib/net452/Firewrx.dll",
        "C:\\Users\\SP00479427\\.nuget\\packages\\uipath.omnipage.bundle/1.0.1\\lib/net452/Formatter.dll",
        "C:\\Users\\SP00479427\\.nuget\\packages\\uipath.omnipage.bundle/1.0.1\\lib/net452/ICDLLW32.dll",
        "C:\\Users\\SP00479427\\.nuget\\packages\\uipath.omnipage.bundle/1.0.1\\lib/net452/ICHUNW32.dll",
        "C:\\Users\\SP00479427\\.nuget\\packages\\uipath.omnipage.bundle/1.0.1\\lib/net452/IF_PNG.dll",
        "C:\\Users\\SP00479427\\.nuget\\packages\\uipath.omnipage.bundle/1.0.1\\lib/net452/KernelAPI.dll",
        "C:\\Users\\SP00479427\\.nuget\\packages\\uipath.omnipage.bundle/1.0.1\\lib/net452/LEditor.dll",
        "C:\\Users\\SP00479427\\.nuget\\packages\\uipath.omnipage.bundle/1.0.1\\lib/net452/LecsoMgr.dll",
        "C:\\Users\\SP00479427\\.nuget\\packages\\uipath.omnipage.bundle/1.0.1\\lib/net452/MiddleEarth.dll",
        "C:\\Users\\SP00479427\\.nuget\\packages\\uipath.omnipage.bundle/1.0.1\\lib/net452/Mor.dll",
        "C:\\Users\\SP00479427\\.nuget\\packages\\uipath.omnipage.bundle/1.0.1\\lib/net452/Mor2.dll",
        "C:\\Users\\SP00479427\\.nuget\\packages\\uipath.omnipage.bundle/1.0.1\\lib/net452/Mor3.dll",
        "C:\\Users\\SP00479427\\.nuget\\packages\\uipath.omnipage.bundle/1.0.1\\lib/net452/Mor4.dll",
        "C:\\Users\\SP00479427\\.nuget\\packages\\uipath.omnipage.bundle/1.0.1\\lib/net452/Mor5.dll",
        "C:\\Users\\SP00479427\\.nuget\\packages\\uipath.omnipage.bundle/1.0.1\\lib/net452/Mor6.dll",
        "C:\\Users\\SP00479427\\.nuget\\packages\\uipath.omnipage.bundle/1.0.1\\lib/net452/MorIF.dll",
        "C:\\Users\\SP00479427\\.nuget\\packages\\uipath.omnipage.bundle/1.0.1\\lib/net452/Nuance.OmniPage.CSDK.ArgTypes.dll",
        "C:\\Users\\SP00479427\\.nuget\\packages\\uipath.omnipage.bundle/1.0.1\\lib/net452/Nuance.OmniPage.CSDK.CAPI.dll",
        "C:\\Users\\SP00479427\\.nuget\\packages\\uipath.omnipage.bundle/1.0.1\\lib/net452/Nuance.OmniPage.CSDK.Objects.dll",
        "C:\\Users\\SP00479427\\.nuget\\packages\\uipath.omnipage.bundle/1.0.1\\lib/net452/PreRendering.dll",
        "C:\\Users\\SP00479427\\.nuget\\packages\\uipath.omnipage.bundle/1.0.1\\lib/net452/RecAPIPlus.dll",
        "C:\\Users\\SP00479427\\.nuget\\packages\\uipath.omnipage.bundle/1.0.1\\lib/net452/RecDiag.dll",
        "C:\\Users\\SP00479427\\.nuget\\packages\\uipath.omnipage.bundle/1.0.1\\lib/net452/RecPDFNet.dll",
        "C:\\Users\\SP00479427\\.nuget\\packages\\uipath.omnipage.bundle/1.0.1\\lib/net452/Rendering.dll",
        "C:\\Users\\SP00479427\\.nuget\\packages\\uipath.omnipage.bundle/1.0.1\\lib/net452/Rendering2.dll",
        "C:\\Users\\SP00479427\\.nuget\\packages\\uipath.omnipage.bundle/1.0.1\\lib/net452/SPDFLib.dll",
        "C:\\Users\\SP00479427\\.nuget\\packages\\uipath.omnipage.bundle/1.0.1\\lib/net452/SkinnedClasses.dll",
        "C:\\Users\\SP00479427\\.nuget\\packages\\uipath.omnipage.bundle/1.0.1\\lib/net452/SkinnedWindows.dll",
        "C:\\Users\\SP00479427\\.nuget\\packages\\uipath.omnipage.bundle/1.0.1\\lib/net452/UiPath.OmniPage.Bundle.dll",
        "C:\\Users\\SP00479427\\.nuget\\packages\\uipath.omnipage.bundle/1.0.1\\lib/net452/atm2lll.dll",
        "C:\\Users\\SP00479427\\.nuget\\packages\\uipath.omnipage.bundle/1.0.1\\lib/net452/jp2k_kdu_apps_vnew.dll",
        "C:\\Users\\SP00479427\\.nuget\\packages\\uipath.omnipage.bundle/1.0.1\\lib/net452/kdu_vnewR.dll",
        "C:\\Users\\SP00479427\\.nuget\\packages\\uipath.omnipage.bundle/1.0.1\\lib/net452/msvcp140.dll",
        "C:\\Users\\SP00479427\\.nuget\\packages\\uipath.omnipage.bundle/1.0.1\\lib/net452/pccext.dll",
        "C:\\Users\\SP00479427\\.nuget\\packages\\uipath.omnipage.bundle/1.0.1\\lib/net452/pccext2.dll",
        "C:\\Users\\SP00479427\\.nuget\\packages\\uipath.omnipage.bundle/1.0.1\\lib/net452/pccext3.dll",
        "C:\\Users\\SP00479427\\.nuget\\packages\\uipath.omnipage.bundle/1.0.1\\lib/net452/pccext4.dll",
        "C:\\Users\\SP00479427\\.nuget\\packages\\uipath.omnipage.bundle/1.0.1\\lib/net452/pccext5.dll",
        "C:\\Users\\SP00479427\\.nuget\\packages\\uipath.omnipage.bundle/1.0.1\\lib/net452/pccext6.dll",
        "C:\\Users\\SP00479427\\.nuget\\packages\\uipath.omnipage.bundle/1.0.1\\lib/net452/rndsdawg.dll",
        "C:\\Users\\SP00479427\\.nuget\\packages\\uipath.omnipage.bundle/1.0.1\\lib/net452/rndsinso.dll",
        "C:\\Users\\SP00479427\\.nuget\\packages\\uipath.omnipage.bundle/1.0.1\\lib/net452/vcruntime140.dll",
        "C:\\Users\\SP00479427\\.nuget\\packages\\uipath.omnipage.bundle/1.0.1\\lib/net452/xocr.dll",
        "C:\\Users\\SP00479427\\.nuget\\packages\\uipath.omnipage.bundle/1.0.1\\lib/net452/xocr2.dll",
        "C:\\Users\\SP00479427\\.nuget\\packages\\uipath.omnipage.bundle/1.0.1\\lib/net452/xocr3.dll",
        "C:\\Users\\SP00479427\\.nuget\\packages\\uipath.omnipage.bundle/1.0.1\\lib/net452/xocr4.dll",
        "C:\\Users\\SP00479427\\.nuget\\packages\\uipath.omnipage.bundle/1.0.1\\lib/net452/xocr5.dll",
        "C:\\Users\\SP00479427\\.nuget\\packages\\uipath.omnipage.bundle/1.0.1\\lib/net452/xocr6.dll"
      ]
    },
    {
      "Package": {
        "Id": "UiPath.OmniPage.Bundle",
        "Version": "1.0.1"
      },
      "Assemblies": [
        "C:\\Users\\SP00479427\\.nuget\\packages\\uipath.omnipage.bundle/1.0.1\\lib/net452/AppHelper.dll",
        "C:\\Users\\SP00479427\\.nuget\\packages\\uipath.omnipage.bundle/1.0.1\\lib/net452/AppProductConfig.dll",
        "C:\\Users\\SP00479427\\.nuget\\packages\\uipath.omnipage.bundle/1.0.1\\lib/net452/AppUtils.dll",
        "C:\\Users\\SP00479427\\.nuget\\packages\\uipath.omnipage.bundle/1.0.1\\lib/net452/Bnt.dll",
        "C:\\Users\\SP00479427\\.nuget\\packages\\uipath.omnipage.bundle/1.0.1\\lib/net452/CRX.dll",
        "C:\\Users\\SP00479427\\.nuget\\packages\\uipath.omnipage.bundle/1.0.1\\lib/net452/Defaults.dll",
        "C:\\Users\\SP00479427\\.nuget\\packages\\uipath.omnipage.bundle/1.0.1\\lib/net452/FireWrx2.dll",
        "C:\\Users\\SP00479427\\.nuget\\packages\\uipath.omnipage.bundle/1.0.1\\lib/net452/FireWrx3.dll",
        "C:\\Users\\SP00479427\\.nuget\\packages\\uipath.omnipage.bundle/1.0.1\\lib/net452/FireWrx4.dll",
        "C:\\Users\\SP00479427\\.nuget\\packages\\uipath.omnipage.bundle/1.0.1\\lib/net452/FireWrx5.dll",
        "C:\\Users\\SP00479427\\.nuget\\packages\\uipath.omnipage.bundle/1.0.1\\lib/net452/FireWrx6.dll",
        "C:\\Users\\SP00479427\\.nuget\\packages\\uipath.omnipage.bundle/1.0.1\\lib/net452/Firewrx.dll",
        "C:\\Users\\SP00479427\\.nuget\\packages\\uipath.omnipage.bundle/1.0.1\\lib/net452/Formatter.dll",
        "C:\\Users\\SP00479427\\.nuget\\packages\\uipath.omnipage.bundle/1.0.1\\lib/net452/ICDLLW32.dll",
        "C:\\Users\\SP00479427\\.nuget\\packages\\uipath.omnipage.bundle/1.0.1\\lib/net452/ICHUNW32.dll",
        "C:\\Users\\SP00479427\\.nuget\\packages\\uipath.omnipage.bundle/1.0.1\\lib/net452/IF_PNG.dll",
        "C:\\Users\\SP00479427\\.nuget\\packages\\uipath.omnipage.bundle/1.0.1\\lib/net452/KernelAPI.dll",
        "C:\\Users\\SP00479427\\.nuget\\packages\\uipath.omnipage.bundle/1.0.1\\lib/net452/LEditor.dll",
        "C:\\Users\\SP00479427\\.nuget\\packages\\uipath.omnipage.bundle/1.0.1\\lib/net452/LecsoMgr.dll",
        "C:\\Users\\SP00479427\\.nuget\\packages\\uipath.omnipage.bundle/1.0.1\\lib/net452/MiddleEarth.dll",
        "C:\\Users\\SP00479427\\.nuget\\packages\\uipath.omnipage.bundle/1.0.1\\lib/net452/Mor.dll",
        "C:\\Users\\SP00479427\\.nuget\\packages\\uipath.omnipage.bundle/1.0.1\\lib/net452/Mor2.dll",
        "C:\\Users\\SP00479427\\.nuget\\packages\\uipath.omnipage.bundle/1.0.1\\lib/net452/Mor3.dll",
        "C:\\Users\\SP00479427\\.nuget\\packages\\uipath.omnipage.bundle/1.0.1\\lib/net452/Mor4.dll",
        "C:\\Users\\SP00479427\\.nuget\\packages\\uipath.omnipage.bundle/1.0.1\\lib/net452/Mor5.dll",
        "C:\\Users\\SP00479427\\.nuget\\packages\\uipath.omnipage.bundle/1.0.1\\lib/net452/Mor6.dll",
        "C:\\Users\\SP00479427\\.nuget\\packages\\uipath.omnipage.bundle/1.0.1\\lib/net452/MorIF.dll",
        "C:\\Users\\SP00479427\\.nuget\\packages\\uipath.omnipage.bundle/1.0.1\\lib/net452/Nuance.OmniPage.CSDK.ArgTypes.dll",
        "C:\\Users\\SP00479427\\.nuget\\packages\\uipath.omnipage.bundle/1.0.1\\lib/net452/Nuance.OmniPage.CSDK.CAPI.dll",
        "C:\\Users\\SP00479427\\.nuget\\packages\\uipath.omnipage.bundle/1.0.1\\lib/net452/Nuance.OmniPage.CSDK.Objects.dll",
        "C:\\Users\\SP00479427\\.nuget\\packages\\uipath.omnipage.bundle/1.0.1\\lib/net452/PreRendering.dll",
        "C:\\Users\\SP00479427\\.nuget\\packages\\uipath.omnipage.bundle/1.0.1\\lib/net452/RecAPIPlus.dll",
        "C:\\Users\\SP00479427\\.nuget\\packages\\uipath.omnipage.bundle/1.0.1\\lib/net452/RecDiag.dll",
        "C:\\Users\\SP00479427\\.nuget\\packages\\uipath.omnipage.bundle/1.0.1\\lib/net452/RecPDFNet.dll",
        "C:\\Users\\SP00479427\\.nuget\\packages\\uipath.omnipage.bundle/1.0.1\\lib/net452/Rendering.dll",
        "C:\\Users\\SP00479427\\.nuget\\packages\\uipath.omnipage.bundle/1.0.1\\lib/net452/Rendering2.dll",
        "C:\\Users\\SP00479427\\.nuget\\packages\\uipath.omnipage.bundle/1.0.1\\lib/net452/SPDFLib.dll",
        "C:\\Users\\SP00479427\\.nuget\\packages\\uipath.omnipage.bundle/1.0.1\\lib/net452/SkinnedClasses.dll",
        "C:\\Users\\SP00479427\\.nuget\\packages\\uipath.omnipage.bundle/1.0.1\\lib/net452/SkinnedWindows.dll",
        "C:\\Users\\SP00479427\\.nuget\\packages\\uipath.omnipage.bundle/1.0.1\\lib/net452/UiPath.OmniPage.Bundle.dll",
        "C:\\Users\\SP00479427\\.nuget\\packages\\uipath.omnipage.bundle/1.0.1\\lib/net452/atm2lll.dll",
        "C:\\Users\\SP00479427\\.nuget\\packages\\uipath.omnipage.bundle/1.0.1\\lib/net452/jp2k_kdu_apps_vnew.dll",
        "C:\\Users\\SP00479427\\.nuget\\packages\\uipath.omnipage.bundle/1.0.1\\lib/net452/kdu_vnewR.dll",
        "C:\\Users\\SP00479427\\.nuget\\packages\\uipath.omnipage.bundle/1.0.1\\lib/net452/msvcp140.dll",
        "C:\\Users\\SP00479427\\.nuget\\packages\\uipath.omnipage.bundle/1.0.1\\lib/net452/pccext.dll",
        "C:\\Users\\SP00479427\\.nuget\\packages\\uipath.omnipage.bundle/1.0.1\\lib/net452/pccext2.dll",
        "C:\\Users\\SP00479427\\.nuget\\packages\\uipath.omnipage.bundle/1.0.1\\lib/net452/pccext3.dll",
        "C:\\Users\\SP00479427\\.nuget\\packages\\uipath.omnipage.bundle/1.0.1\\lib/net452/pccext4.dll",
        "C:\\Users\\SP00479427\\.nuget\\packages\\uipath.omnipage.bundle/1.0.1\\lib/net452/pccext5.dll",
        "C:\\Users\\SP00479427\\.nuget\\packages\\uipath.omnipage.bundle/1.0.1\\lib/net452/pccext6.dll",
        "C:\\Users\\SP00479427\\.nuget\\packages\\uipath.omnipage.bundle/1.0.1\\lib/net452/rndsdawg.dll",
        "C:\\Users\\SP00479427\\.nuget\\packages\\uipath.omnipage.bundle/1.0.1\\lib/net452/rndsinso.dll",
        "C:\\Users\\SP00479427\\.nuget\\packages\\uipath.omnipage.bundle/1.0.1\\lib/net452/vcruntime140.dll",
        "C:\\Users\\SP00479427\\.nuget\\packages\\uipath.omnipage.bundle/1.0.1\\lib/net452/xocr.dll",
        "C:\\Users\\SP00479427\\.nuget\\packages\\uipath.omnipage.bundle/1.0.1\\lib/net452/xocr2.dll",
        "C:\\Users\\SP00479427\\.nuget\\packages\\uipath.omnipage.bundle/1.0.1\\lib/net452/xocr3.dll",
        "C:\\Users\\SP00479427\\.nuget\\packages\\uipath.omnipage.bundle/1.0.1\\lib/net452/xocr4.dll",
        "C:\\Users\\SP00479427\\.nuget\\packages\\uipath.omnipage.bundle/1.0.1\\lib/net452/xocr5.dll",
        "C:\\Users\\SP00479427\\.nuget\\packages\\uipath.omnipage.bundle/1.0.1\\lib/net452/xocr6.dll"
      ]
    },
    {
      "Package": {
        "Id": "UiPath.OmniPage.Bundle.Extended",
        "Version": "1.0.0"
      },
      "Assemblies": [
        "C:\\Users\\SP00479427\\.nuget\\packages\\uipath.omnipage.bundle.extended/1.0.0\\lib/net452/AppHelper.dll",
        "C:\\Users\\SP00479427\\.nuget\\packages\\uipath.omnipage.bundle.extended/1.0.0\\lib/net452/AppProductConfig.dll",
        "C:\\Users\\SP00479427\\.nuget\\packages\\uipath.omnipage.bundle.extended/1.0.0\\lib/net452/AppUtils.dll",
        "C:\\Users\\SP00479427\\.nuget\\packages\\uipath.omnipage.bundle.extended/1.0.0\\lib/net452/Asian.dll",
        "C:\\Users\\SP00479427\\.nuget\\packages\\uipath.omnipage.bundle.extended/1.0.0\\lib/net452/Bnt.dll",
        "C:\\Users\\SP00479427\\.nuget\\packages\\uipath.omnipage.bundle.extended/1.0.0\\lib/net452/CRX.dll",
        "C:\\Users\\SP00479427\\.nuget\\packages\\uipath.omnipage.bundle.extended/1.0.0\\lib/net452/Defaults.dll",
        "C:\\Users\\SP00479427\\.nuget\\packages\\uipath.omnipage.bundle.extended/1.0.0\\lib/net452/FireWrx2.dll",
        "C:\\Users\\SP00479427\\.nuget\\packages\\uipath.omnipage.bundle.extended/1.0.0\\lib/net452/FireWrx3.dll",
        "C:\\Users\\SP00479427\\.nuget\\packages\\uipath.omnipage.bundle.extended/1.0.0\\lib/net452/FireWrx4.dll",
        "C:\\Users\\SP00479427\\.nuget\\packages\\uipath.omnipage.bundle.extended/1.0.0\\lib/net452/FireWrx5.dll",
        "C:\\Users\\SP00479427\\.nuget\\packages\\uipath.omnipage.bundle.extended/1.0.0\\lib/net452/FireWrx6.dll",
        "C:\\Users\\SP00479427\\.nuget\\packages\\uipath.omnipage.bundle.extended/1.0.0\\lib/net452/Firewrx.dll",
        "C:\\Users\\SP00479427\\.nuget\\packages\\uipath.omnipage.bundle.extended/1.0.0\\lib/net452/Formatter.dll",
        "C:\\Users\\SP00479427\\.nuget\\packages\\uipath.omnipage.bundle.extended/1.0.0\\lib/net452/ICDLLW32.dll",
        "C:\\Users\\SP00479427\\.nuget\\packages\\uipath.omnipage.bundle.extended/1.0.0\\lib/net452/ICHUNW32.dll",
        "C:\\Users\\SP00479427\\.nuget\\packages\\uipath.omnipage.bundle.extended/1.0.0\\lib/net452/IF_PNG.dll",
        "C:\\Users\\SP00479427\\.nuget\\packages\\uipath.omnipage.bundle.extended/1.0.0\\lib/net452/Icr2.dll",
        "C:\\Users\\SP00479427\\.nuget\\packages\\uipath.omnipage.bundle.extended/1.0.0\\lib/net452/KernelAPI.dll",
        "C:\\Users\\SP00479427\\.nuget\\packages\\uipath.omnipage.bundle.extended/1.0.0\\lib/net452/LEditor.dll",
        "C:\\Users\\SP00479427\\.nuget\\packages\\uipath.omnipage.bundle.extended/1.0.0\\lib/net452/LMQuery.dll",
        "C:\\Users\\SP00479427\\.nuget\\packages\\uipath.omnipage.bundle.extended/1.0.0\\lib/net452/LecsoMgr.dll",
        "C:\\Users\\SP00479427\\.nuget\\packages\\uipath.omnipage.bundle.extended/1.0.0\\lib/net452/MiddleEarth.dll",
        "C:\\Users\\SP00479427\\.nuget\\packages\\uipath.omnipage.bundle.extended/1.0.0\\lib/net452/Mor.dll",
        "C:\\Users\\SP00479427\\.nuget\\packages\\uipath.omnipage.bundle.extended/1.0.0\\lib/net452/Mor2.dll",
        "C:\\Users\\SP00479427\\.nuget\\packages\\uipath.omnipage.bundle.extended/1.0.0\\lib/net452/Mor3.dll",
        "C:\\Users\\SP00479427\\.nuget\\packages\\uipath.omnipage.bundle.extended/1.0.0\\lib/net452/Mor4.dll",
        "C:\\Users\\SP00479427\\.nuget\\packages\\uipath.omnipage.bundle.extended/1.0.0\\lib/net452/Mor5.dll",
        "C:\\Users\\SP00479427\\.nuget\\packages\\uipath.omnipage.bundle.extended/1.0.0\\lib/net452/Mor6.dll",
        "C:\\Users\\SP00479427\\.nuget\\packages\\uipath.omnipage.bundle.extended/1.0.0\\lib/net452/MorIF.dll",
        "C:\\Users\\SP00479427\\.nuget\\packages\\uipath.omnipage.bundle.extended/1.0.0\\lib/net452/Nuance.OmniPage.CSDK.ArgTypes.dll",
        "C:\\Users\\SP00479427\\.nuget\\packages\\uipath.omnipage.bundle.extended/1.0.0\\lib/net452/Nuance.OmniPage.CSDK.CAPI.dll",
        "C:\\Users\\SP00479427\\.nuget\\packages\\uipath.omnipage.bundle.extended/1.0.0\\lib/net452/Nuance.OmniPage.CSDK.Objects.dll",
        "C:\\Users\\SP00479427\\.nuget\\packages\\uipath.omnipage.bundle.extended/1.0.0\\lib/net452/PreRendering.dll",
        "C:\\Users\\SP00479427\\.nuget\\packages\\uipath.omnipage.bundle.extended/1.0.0\\lib/net452/RecAPIPlus.dll",
        "C:\\Users\\SP00479427\\.nuget\\packages\\uipath.omnipage.bundle.extended/1.0.0\\lib/net452/RecDiag.dll",
        "C:\\Users\\SP00479427\\.nuget\\packages\\uipath.omnipage.bundle.extended/1.0.0\\lib/net452/RecPDFNet.dll",
        "C:\\Users\\SP00479427\\.nuget\\packages\\uipath.omnipage.bundle.extended/1.0.0\\lib/net452/RecoCore.dll",
        "C:\\Users\\SP00479427\\.nuget\\packages\\uipath.omnipage.bundle.extended/1.0.0\\lib/net452/Rendering.dll",
        "C:\\Users\\SP00479427\\.nuget\\packages\\uipath.omnipage.bundle.extended/1.0.0\\lib/net452/Rendering2.dll",
        "C:\\Users\\SP00479427\\.nuget\\packages\\uipath.omnipage.bundle.extended/1.0.0\\lib/net452/SPDFLib.dll",
        "C:\\Users\\SP00479427\\.nuget\\packages\\uipath.omnipage.bundle.extended/1.0.0\\lib/net452/SkinnedClasses.dll",
        "C:\\Users\\SP00479427\\.nuget\\packages\\uipath.omnipage.bundle.extended/1.0.0\\lib/net452/SkinnedWindows.dll",
        "C:\\Users\\SP00479427\\.nuget\\packages\\uipath.omnipage.bundle.extended/1.0.0\\lib/net452/THOCRAPI.DLL",
        "C:\\Users\\SP00479427\\.nuget\\packages\\uipath.omnipage.bundle.extended/1.0.0\\lib/net452/TWBIG532.dll",
        "C:\\Users\\SP00479427\\.nuget\\packages\\uipath.omnipage.bundle.extended/1.0.0\\lib/net452/TWForm.dll",
        "C:\\Users\\SP00479427\\.nuget\\packages\\uipath.omnipage.bundle.extended/1.0.0\\lib/net452/TWGB32.dll",
        "C:\\Users\\SP00479427\\.nuget\\packages\\uipath.omnipage.bundle.extended/1.0.0\\lib/net452/TWLAY32.dll",
        "C:\\Users\\SP00479427\\.nuget\\packages\\uipath.omnipage.bundle.extended/1.0.0\\lib/net452/TWLAYKR.dll",
        "C:\\Users\\SP00479427\\.nuget\\packages\\uipath.omnipage.bundle.extended/1.0.0\\lib/net452/TWReverse.dll",
        "C:\\Users\\SP00479427\\.nuget\\packages\\uipath.omnipage.bundle.extended/1.0.0\\lib/net452/TWSJIS32.dll",
        "C:\\Users\\SP00479427\\.nuget\\packages\\uipath.omnipage.bundle.extended/1.0.0\\lib/net452/UiPath.OmniPage.Bundle.Extended.dll",
        "C:\\Users\\SP00479427\\.nuget\\packages\\uipath.omnipage.bundle.extended/1.0.0\\lib/net452/atm2lll.dll",
        "C:\\Users\\SP00479427\\.nuget\\packages\\uipath.omnipage.bundle.extended/1.0.0\\lib/net452/hybridmodule.dll",
        "C:\\Users\\SP00479427\\.nuget\\packages\\uipath.omnipage.bundle.extended/1.0.0\\lib/net452/jp2k_kdu_apps_vnew.dll",
        "C:\\Users\\SP00479427\\.nuget\\packages\\uipath.omnipage.bundle.extended/1.0.0\\lib/net452/kdu_vnewR.dll",
        "C:\\Users\\SP00479427\\.nuget\\packages\\uipath.omnipage.bundle.extended/1.0.0\\lib/net452/msvcp140.dll",
        "C:\\Users\\SP00479427\\.nuget\\packages\\uipath.omnipage.bundle.extended/1.0.0\\lib/net452/mytoolbox.dll",
        "C:\\Users\\SP00479427\\.nuget\\packages\\uipath.omnipage.bundle.extended/1.0.0\\lib/net452/pccext.dll",
        "C:\\Users\\SP00479427\\.nuget\\packages\\uipath.omnipage.bundle.extended/1.0.0\\lib/net452/pccext2.dll",
        "C:\\Users\\SP00479427\\.nuget\\packages\\uipath.omnipage.bundle.extended/1.0.0\\lib/net452/pccext3.dll",
        "C:\\Users\\SP00479427\\.nuget\\packages\\uipath.omnipage.bundle.extended/1.0.0\\lib/net452/pccext4.dll",
        "C:\\Users\\SP00479427\\.nuget\\packages\\uipath.omnipage.bundle.extended/1.0.0\\lib/net452/pccext5.dll",
        "C:\\Users\\SP00479427\\.nuget\\packages\\uipath.omnipage.bundle.extended/1.0.0\\lib/net452/pccext6.dll",
        "C:\\Users\\SP00479427\\.nuget\\packages\\uipath.omnipage.bundle.extended/1.0.0\\lib/net452/rndsdawg.dll",
        "C:\\Users\\SP00479427\\.nuget\\packages\\uipath.omnipage.bundle.extended/1.0.0\\lib/net452/rndsinso.dll",
        "C:\\Users\\SP00479427\\.nuget\\packages\\uipath.omnipage.bundle.extended/1.0.0\\lib/net452/twcut.dll",
        "C:\\Users\\SP00479427\\.nuget\\packages\\uipath.omnipage.bundle.extended/1.0.0\\lib/net452/twcutchr.dll",
        "C:\\Users\\SP00479427\\.nuget\\packages\\uipath.omnipage.bundle.extended/1.0.0\\lib/net452/twcutckr.dll",
        "C:\\Users\\SP00479427\\.nuget\\packages\\uipath.omnipage.bundle.extended/1.0.0\\lib/net452/twcutla.dll",
        "C:\\Users\\SP00479427\\.nuget\\packages\\uipath.omnipage.bundle.extended/1.0.0\\lib/net452/twcutle.dll",
        "C:\\Users\\SP00479427\\.nuget\\packages\\uipath.omnipage.bundle.extended/1.0.0\\lib/net452/twcutlin.dll",
        "C:\\Users\\SP00479427\\.nuget\\packages\\uipath.omnipage.bundle.extended/1.0.0\\lib/net452/twcutlkr.dll",
        "C:\\Users\\SP00479427\\.nuget\\packages\\uipath.omnipage.bundle.extended/1.0.0\\lib/net452/twiden.dll",
        "C:\\Users\\SP00479427\\.nuget\\packages\\uipath.omnipage.bundle.extended/1.0.0\\lib/net452/twksc32.dll",
        "C:\\Users\\SP00479427\\.nuget\\packages\\uipath.omnipage.bundle.extended/1.0.0\\lib/net452/twlay32a.dll",
        "C:\\Users\\SP00479427\\.nuget\\packages\\uipath.omnipage.bundle.extended/1.0.0\\lib/net452/tworient.dll",
        "C:\\Users\\SP00479427\\.nuget\\packages\\uipath.omnipage.bundle.extended/1.0.0\\lib/net452/twpost32.dll",
        "C:\\Users\\SP00479427\\.nuget\\packages\\uipath.omnipage.bundle.extended/1.0.0\\lib/net452/twpostk.dll",
        "C:\\Users\\SP00479427\\.nuget\\packages\\uipath.omnipage.bundle.extended/1.0.0\\lib/net452/twrecc.dll",
        "C:\\Users\\SP00479427\\.nuget\\packages\\uipath.omnipage.bundle.extended/1.0.0\\lib/net452/twrece.dll",
        "C:\\Users\\SP00479427\\.nuget\\packages\\uipath.omnipage.bundle.extended/1.0.0\\lib/net452/twrecj.dll",
        "C:\\Users\\SP00479427\\.nuget\\packages\\uipath.omnipage.bundle.extended/1.0.0\\lib/net452/twreck.dll",
        "C:\\Users\\SP00479427\\.nuget\\packages\\uipath.omnipage.bundle.extended/1.0.0\\lib/net452/twrecs.dll",
        "C:\\Users\\SP00479427\\.nuget\\packages\\uipath.omnipage.bundle.extended/1.0.0\\lib/net452/twstruct.dll",
        "C:\\Users\\SP00479427\\.nuget\\packages\\uipath.omnipage.bundle.extended/1.0.0\\lib/net452/vcruntime140.dll",
        "C:\\Users\\SP00479427\\.nuget\\packages\\uipath.omnipage.bundle.extended/1.0.0\\lib/net452/xocr.dll",
        "C:\\Users\\SP00479427\\.nuget\\packages\\uipath.omnipage.bundle.extended/1.0.0\\lib/net452/xocr2.dll",
        "C:\\Users\\SP00479427\\.nuget\\packages\\uipath.omnipage.bundle.extended/1.0.0\\lib/net452/xocr3.dll",
        "C:\\Users\\SP00479427\\.nuget\\packages\\uipath.omnipage.bundle.extended/1.0.0\\lib/net452/xocr4.dll",
        "C:\\Users\\SP00479427\\.nuget\\packages\\uipath.omnipage.bundle.extended/1.0.0\\lib/net452/xocr5.dll",
        "C:\\Users\\SP00479427\\.nuget\\packages\\uipath.omnipage.bundle.extended/1.0.0\\lib/net452/xocr6.dll"
      ]
    },
    {
      "Package": {
        "Id": "UiPath.PDF.Activities",
        "Version": "2.1.0"
      },
      "Assemblies": [
        "C:\\Users\\SP00479427\\.nuget\\packages\\bitmiracle.docotic.pdf/5.9.9640\\lib/net40/BitMiracle.Docotic.Pdf.dll",
        "C:\\Users\\SP00479427\\.nuget\\packages\\system.valuetuple/4.5.0\\lib/net461/System.ValueTuple.dll",
        "C:\\Users\\SP00479427\\.nuget\\packages\\uipath.ocr.contracts/2.1.0\\lib/net45/UiPath.OCR.Contracts.dll",
        "C:\\Users\\SP00479427\\.nuget\\packages\\uipath.pdf.activities/2.1.0\\lib/net461/UiPath.PDF.Activities.Design.dll",
        "C:\\Users\\SP00479427\\.nuget\\packages\\uipath.pdf.activities/2.1.0\\lib/net461/UiPath.PDF.Activities.dll",
        "C:\\Users\\SP00479427\\.nuget\\packages\\uipath.pdf.activities/2.1.0\\lib/net461/UiPath.PDF.dll"
      ]
    },
    {
      "Package": {
        "Id": "UiPath.Python.Activities",
        "Version": "1.1.6863.33404"
      },
      "Assemblies": [
        "C:\\Users\\SP00479427\\.nuget\\packages\\uipath.python.activities/1.1.6863.33404\\lib/net452/UiPath.Python.Activities.Design.dll",
        "C:\\Users\\SP00479427\\.nuget\\packages\\uipath.python.activities/1.1.6863.33404\\lib/net452/UiPath.Python.Activities.dll",
        "C:\\Users\\SP00479427\\.nuget\\packages\\uipath.python.activities/1.1.6863.33404\\lib/net452/UiPath.Python.dll",
        "C:\\Users\\SP00479427\\.nuget\\packages\\uipath.python.activities/1.1.6863.33404\\lib/net452/x64/Python.Runtime.35.dll",
        "C:\\Users\\SP00479427\\.nuget\\packages\\uipath.python.activities/1.1.6863.33404\\lib/net452/x64/Python.Runtime.36.dll",
        "C:\\Users\\SP00479427\\.nuget\\packages\\uipath.python.activities/1.1.6863.33404\\lib/net452/x86/Python.Runtime.27.dll",
        "C:\\Users\\SP00479427\\.nuget\\packages\\uipath.python.activities/1.1.6863.33404\\lib/net452/x86/Python.Runtime.33.dll",
        "C:\\Users\\SP00479427\\.nuget\\packages\\uipath.python.activities/1.1.6863.33404\\lib/net452/x86/Python.Runtime.34.dll",
        "C:\\Users\\SP00479427\\.nuget\\packages\\uipath.python.activities/1.1.6863.33404\\lib/net452/x86/Python.Runtime.35.dll",
        "C:\\Users\\SP00479427\\.nuget\\packages\\uipath.python.activities/1.1.6863.33404\\lib/net452/x86/Python.Runtime.36.dll"
      ]
    },
    {
      "Package": {
        "Id": "UiPath.Salesforce.Activities",
        "Version": "1.0.1"
      },
      "Assemblies": [
        "C:\\Users\\SP00479427\\.nuget\\packages\\newtonsoft.json/12.0.2\\lib/net45/Newtonsoft.Json.dll",
        "C:\\Users\\SP00479427\\.nuget\\packages\\restsharp/106.3.1\\lib/net452/RestSharp.dll",
        "C:\\Users\\SP00479427\\.nuget\\packages\\uipath.salesforce.activities/1.0.1\\lib/net461/UiPath.Salesforce.Activities.Design.dll",
        "C:\\Users\\SP00479427\\.nuget\\packages\\uipath.salesforce.activities/1.0.1\\lib/net461/UiPath.Salesforce.Activities.Wizards.dll",
        "C:\\Users\\SP00479427\\.nuget\\packages\\uipath.salesforce.activities/1.0.1\\lib/net461/UiPath.Salesforce.Activities.dll",
        "C:\\Users\\SP00479427\\.nuget\\packages\\uipath.salesforce.activities/1.0.1\\lib/net461/UiPath.Salesforce.dll"
      ]
    },
    {
      "Package": {
        "Id": "UiPath.System.Activities",
        "Version": "19.8.0"
      },
      "Assemblies": [
        "C:\\Users\\SP00479427\\.nuget\\packages\\csvhelper/2.13.5\\lib/net40-client/CsvHelper.dll",
        "C:\\Users\\SP00479427\\.nuget\\packages\\microsoft.aspnet.signalr.client/2.4.0\\lib/net45/Microsoft.AspNet.SignalR.Client.dll",
        "C:\\Users\\SP00479427\\.nuget\\packages\\microsoft.extensions.filesystemglobbing/2.2.0\\lib/netstandard2.0/Microsoft.Extensions.FileSystemGlobbing.dll",
        "C:\\Users\\SP00479427\\.nuget\\packages\\microsoft.rest.clientruntime/2.3.20\\lib/net461/Microsoft.Rest.ClientRuntime.dll",
        "C:\\Users\\SP00479427\\.nuget\\packages\\newtonsoft.json/12.0.2\\lib/net45/Newtonsoft.Json.dll",
        "C:\\Users\\SP00479427\\.nuget\\packages\\uipath.system.activities/19.8.0\\lib/net461/ActiproSoftware.Docking.Wpf.dll",
        "C:\\Users\\SP00479427\\.nuget\\packages\\uipath.system.activities/19.8.0\\lib/net461/ActiproSoftware.Ribbon.Wpf.dll",
        "C:\\Users\\SP00479427\\.nuget\\packages\\uipath.system.activities/19.8.0\\lib/net461/ActiproSoftware.Shared.Wpf.dll",
        "C:\\Users\\SP00479427\\.nuget\\packages\\uipath.system.activities/19.8.0\\lib/net461/ActiproSoftware.SyntaxEditor.Addons.DotNet.Wpf.dll",
        "C:\\Users\\SP00479427\\.nuget\\packages\\uipath.system.activities/19.8.0\\lib/net461/ActiproSoftware.SyntaxEditor.Wpf.dll",
        "C:\\Users\\SP00479427\\.nuget\\packages\\uipath.system.activities/19.8.0\\lib/net461/ActiproSoftware.Text.Addons.DotNet.Wpf.dll",
        "C:\\Users\\SP00479427\\.nuget\\packages\\uipath.system.activities/19.8.0\\lib/net461/ActiproSoftware.Text.LLParser.Wpf.dll",
        "C:\\Users\\SP00479427\\.nuget\\packages\\uipath.system.activities/19.8.0\\lib/net461/ActiproSoftware.Text.Wpf.dll",
        "C:\\Users\\SP00479427\\.nuget\\packages\\uipath.system.activities/19.8.0\\lib/net461/ActiproSoftware.Wizard.Wpf.dll",
        "C:\\Users\\SP00479427\\.nuget\\packages\\uipath.system.activities/19.8.0\\lib/net461/UiPath.OrchestratorClient.dll",
        "C:\\Users\\SP00479427\\.nuget\\packages\\uipath.system.activities/19.8.0\\lib/net461/UiPath.System.Activities.Design.dll",
        "C:\\Users\\SP00479427\\.nuget\\packages\\uipath.system.activities/19.8.0\\lib/net461/UiPath.System.Activities.dll"
      ]
    },
    {
      "Package": {
        "Id": "UiPath.Terminal.Activities",
        "Version": "1.3.3"
      },
      "Assemblies": [
        "C:\\Users\\SP00479427\\.nuget\\packages\\fluent.ribbon/3.5.1.198\\lib/net45/Fluent.dll",
        "C:\\Users\\SP00479427\\.nuget\\packages\\fluent.ribbon/3.5.1.198\\lib/net45/System.Windows.Interactivity.dll",
        "C:\\Users\\SP00479427\\.nuget\\packages\\uipath.terminal.activities/1.3.3\\lib/net452/NLog.dll",
        "C:\\Users\\SP00479427\\.nuget\\packages\\uipath.terminal.activities/1.3.3\\lib/net452/Open3270.dll",
        "C:\\Users\\SP00479427\\.nuget\\packages\\uipath.terminal.activities/1.3.3\\lib/net452/UiPath.Terminal.Activities.Design.dll",
        "C:\\Users\\SP00479427\\.nuget\\packages\\uipath.terminal.activities/1.3.3\\lib/net452/UiPath.Terminal.Activities.dll",
        "C:\\Users\\SP00479427\\.nuget\\packages\\uipath.terminal.activities/1.3.3\\lib/net452/UiPath.Terminal.Attachmate.dll",
        "C:\\Users\\SP00479427\\.nuget\\packages\\uipath.terminal.activities/1.3.3\\lib/net452/UiPath.Terminal.AttachmateExtra.dll",
        "C:\\Users\\SP00479427\\.nuget\\packages\\uipath.terminal.activities/1.3.3\\lib/net452/UiPath.Terminal.BlueZone.dll",
        "C:\\Users\\SP00479427\\.nuget\\packages\\uipath.terminal.activities/1.3.3\\lib/net452/UiPath.Terminal.IBM.dll",
        "C:\\Users\\SP00479427\\.nuget\\packages\\uipath.terminal.activities/1.3.3\\lib/net452/UiPath.Terminal.dll"
      ]
    },
    {
      "Package": {
        "Id": "UiPath.UIAutomation.Activities",
        "Version": "19.7.0"
      },
      "Assemblies": [
        "C:\\Users\\SP00479427\\.nuget\\packages\\avalonedit/5.0.3\\lib/Net40/ICSharpCode.AvalonEdit.dll",
        "C:\\Users\\SP00479427\\.nuget\\packages\\extended.wpf.toolkit/2.8.0\\lib/net40/Xceed.Wpf.AvalonDock.Themes.Aero.dll",
        "C:\\Users\\SP00479427\\.nuget\\packages\\extended.wpf.toolkit/2.8.0\\lib/net40/Xceed.Wpf.AvalonDock.Themes.Metro.dll",
        "C:\\Users\\SP00479427\\.nuget\\packages\\extended.wpf.toolkit/2.8.0\\lib/net40/Xceed.Wpf.AvalonDock.Themes.VS2010.dll",
        "C:\\Users\\SP00479427\\.nuget\\packages\\extended.wpf.toolkit/2.8.0\\lib/net40/Xceed.Wpf.AvalonDock.dll",
        "C:\\Users\\SP00479427\\.nuget\\packages\\extended.wpf.toolkit/2.8.0\\lib/net40/Xceed.Wpf.DataGrid.dll",
        "C:\\Users\\SP00479427\\.nuget\\packages\\extended.wpf.toolkit/2.8.0\\lib/net40/Xceed.Wpf.Toolkit.dll",
        "C:\\Users\\SP00479427\\.nuget\\packages\\humanizer.core/2.4.2\\lib/netstandard2.0/Humanizer.dll",
        "C:\\Users\\SP00479427\\.nuget\\packages\\uipath/19.7.7128.27029\\lib/UiPath.Interop.dll",
        "C:\\Users\\SP00479427\\.nuget\\packages\\uipath.ocr.contracts/2.1.0\\lib/net45/UiPath.OCR.Contracts.dll",
        "C:\\Users\\SP00479427\\.nuget\\packages\\uipath.uiautomation.activities/19.7.0\\lib/net461/ActiproSoftware.DataGrid.Contrib.Wpf.dll",
        "C:\\Users\\SP00479427\\.nuget\\packages\\uipath.uiautomation.activities/19.7.0\\lib/net461/ActiproSoftware.Docking.Wpf.dll",
        "C:\\Users\\SP00479427\\.nuget\\packages\\uipath.uiautomation.activities/19.7.0\\lib/net461/ActiproSoftware.Editors.Wpf.dll",
        "C:\\Users\\SP00479427\\.nuget\\packages\\uipath.uiautomation.activities/19.7.0\\lib/net461/ActiproSoftware.Ribbon.Wpf.dll",
        "C:\\Users\\SP00479427\\.nuget\\packages\\uipath.uiautomation.activities/19.7.0\\lib/net461/ActiproSoftware.Shared.Wpf.dll",
        "C:\\Users\\SP00479427\\.nuget\\packages\\uipath.uiautomation.activities/19.7.0\\lib/net461/ActiproSoftware.SyntaxEditor.Addons.DotNet.Wpf.dll",
        "C:\\Users\\SP00479427\\.nuget\\packages\\uipath.uiautomation.activities/19.7.0\\lib/net461/ActiproSoftware.SyntaxEditor.Wpf.dll",
        "C:\\Users\\SP00479427\\.nuget\\packages\\uipath.uiautomation.activities/19.7.0\\lib/net461/ActiproSoftware.Text.Addons.DotNet.Wpf.dll",
        "C:\\Users\\SP00479427\\.nuget\\packages\\uipath.uiautomation.activities/19.7.0\\lib/net461/ActiproSoftware.Text.LLParser.Wpf.dll",
        "C:\\Users\\SP00479427\\.nuget\\packages\\uipath.uiautomation.activities/19.7.0\\lib/net461/ActiproSoftware.Text.Wpf.dll",
        "C:\\Users\\SP00479427\\.nuget\\packages\\uipath.uiautomation.activities/19.7.0\\lib/net461/ActiproSoftware.Wizard.Wpf.dll",
        "C:\\Users\\SP00479427\\.nuget\\packages\\uipath.uiautomation.activities/19.7.0\\lib/net461/UiPath.UIAutomation.Activities.Design.dll",
        "C:\\Users\\SP00479427\\.nuget\\packages\\uipath.uiautomation.activities/19.7.0\\lib/net461/UiPath.UiAutomation.Activities.dll",
        "C:\\Users\\SP00479427\\.nuget\\packages\\uipath.uiautomation.activities/19.7.0\\lib/net461/UiPath.Wizards.dll",
        "C:\\Users\\SP00479427\\.nuget\\packages\\uipath.vision/1.7.0\\lib/net452/UiPath.Vision.AbbyyCloud.dll",
        "C:\\Users\\SP00479427\\.nuget\\packages\\uipath.vision/1.7.0\\lib/net452/UiPath.Vision.AbbyyFRE11.dll",
        "C:\\Users\\SP00479427\\.nuget\\packages\\uipath.vision/1.7.0\\lib/net452/UiPath.Vision.AbbyyFRE12.dll",
        "C:\\Users\\SP00479427\\.nuget\\packages\\uipath.vision/1.7.0\\lib/net452/UiPath.Vision.AbbyyFRECommon.dll",
        "C:\\Users\\SP00479427\\.nuget\\packages\\uipath.vision/1.7.0\\lib/net452/UiPath.Vision.AzureComputerVision.dll",
        "C:\\Users\\SP00479427\\.nuget\\packages\\uipath.vision/1.7.0\\lib/net452/UiPath.Vision.Core.dll",
        "C:\\Users\\SP00479427\\.nuget\\packages\\uipath.vision/1.7.0\\lib/net452/UiPath.Vision.GoogleCloud.dll",
        "C:\\Users\\SP00479427\\.nuget\\packages\\uipath.vision/1.7.0\\lib/net452/UiPath.Vision.Microsoft.dll",
        "C:\\Users\\SP00479427\\.nuget\\packages\\uipath.vision/1.7.0\\lib/net452/UiPath.Vision.MicrosoftCloud.dll",
        "C:\\Users\\SP00479427\\.nuget\\packages\\uipath.vision/1.7.0\\lib/net452/UiPath.Vision.Tesseract.dll",
        "C:\\Users\\SP00479427\\.nuget\\packages\\uipath.vision/1.7.0\\lib/net452/UiPath.Vision.dll"
      ]
    },
    {
      "Package": {
        "Id": "UiPath.Vision",
        "Version": "1.7.0"
      },
      "Assemblies": [
        "C:\\Users\\SP00479427\\.nuget\\packages\\uipath.vision/1.7.0\\lib/net452/UiPath.Vision.AbbyyCloud.dll",
        "C:\\Users\\SP00479427\\.nuget\\packages\\uipath.vision/1.7.0\\lib/net452/UiPath.Vision.AbbyyFRE11.dll",
        "C:\\Users\\SP00479427\\.nuget\\packages\\uipath.vision/1.7.0\\lib/net452/UiPath.Vision.AbbyyFRE12.dll",
        "C:\\Users\\SP00479427\\.nuget\\packages\\uipath.vision/1.7.0\\lib/net452/UiPath.Vision.AbbyyFRECommon.dll",
        "C:\\Users\\SP00479427\\.nuget\\packages\\uipath.vision/1.7.0\\lib/net452/UiPath.Vision.AzureComputerVision.dll",
        "C:\\Users\\SP00479427\\.nuget\\packages\\uipath.vision/1.7.0\\lib/net452/UiPath.Vision.Core.dll",
        "C:\\Users\\SP00479427\\.nuget\\packages\\uipath.vision/1.7.0\\lib/net452/UiPath.Vision.GoogleCloud.dll",
        "C:\\Users\\SP00479427\\.nuget\\packages\\uipath.vision/1.7.0\\lib/net452/UiPath.Vision.Microsoft.dll",
        "C:\\Users\\SP00479427\\.nuget\\packages\\uipath.vision/1.7.0\\lib/net452/UiPath.Vision.MicrosoftCloud.dll",
        "C:\\Users\\SP00479427\\.nuget\\packages\\uipath.vision/1.7.0\\lib/net452/UiPath.Vision.Tesseract.dll",
        "C:\\Users\\SP00479427\\.nuget\\packages\\uipath.vision/1.7.0\\lib/net452/UiPath.Vision.dll"
      ]
    },
    {
      "Package": {
        "Id": "UiPath.WebAPI.Activities",
        "Version": "1.4.3"
      },
      "Assemblies": [
        "C:\\Users\\SP00479427\\.nuget\\packages\\avalonedit/5.0.3\\lib/Net40/ICSharpCode.AvalonEdit.dll",
        "C:\\Users\\SP00479427\\.nuget\\packages\\newtonsoft.json/12.0.2\\lib/net45/Newtonsoft.Json.dll",
        "C:\\Users\\SP00479427\\.nuget\\packages\\restsharp/106.3.1\\lib/net452/RestSharp.dll",
        "C:\\Users\\SP00479427\\.nuget\\packages\\uipath.webapi.activities/1.4.3\\lib/net452/UiPath.Web.Activities.Design.dll",
        "C:\\Users\\SP00479427\\.nuget\\packages\\uipath.webapi.activities/1.4.3\\lib/net452/UiPath.Web.Activities.dll",
        "C:\\Users\\SP00479427\\.nuget\\packages\\uipath.webapi.activities/1.4.3\\lib/net452/UiPath.Web.dll"
      ]
    },
    {
      "Package": {
        "Id": "UiPath.Word.Activities",
        "Version": "1.3.3"
      },
      "Assemblies": [
        "C:\\Users\\SP00479427\\.nuget\\packages\\docx/1.0.0.18\\lib/net40/DocX.dll",
        "C:\\Users\\SP00479427\\.nuget\\packages\\uipath.word.activities/1.3.3\\lib/net452/UiPath.Word.Activities.Design.dll",
        "C:\\Users\\SP00479427\\.nuget\\packages\\uipath.word.activities/1.3.3\\lib/net452/UiPath.Word.Activities.dll",
        "C:\\Users\\SP00479427\\.nuget\\packages\\uipath.word.activities/1.3.3\\lib/net452/UiPath.Word.dll"
      ]
    }
  ],
  "Conflicts": [],
  "ResolvedDependencies": {
    "AForge": {
      "Id": "AForge",
      "Version": "2.2.5",
      "Dependencies": []
    },
    "AForge.Genetic": {
      "Id": "AForge.Genetic",
      "Version": "2.2.5",
      "Dependencies": [
        {
          "Item1": "AForge",
          "Item2": "[2.2.5, )"
        },
        {
          "Item1": "AForge.Math",
          "Item2": "[2.2.5, )"
        }
      ]
    },
    "AForge.Imaging": {
      "Id": "AForge.Imaging",
      "Version": "2.2.5",
      "Dependencies": [
        {
          "Item1": "AForge",
          "Item2": "[2.2.5, )"
        },
        {
          "Item1": "AForge.Math",
          "Item2": "[2.2.5, )"
        }
      ]
    },
    "AForge.Math": {
      "Id": "AForge.Math",
      "Version": "2.2.5",
      "Dependencies": [
        {
          "Item1": "AForge",
          "Item2": "[2.2.5, )"
        }
      ]
    },
    "AForge.Neuro": {
      "Id": "AForge.Neuro",
      "Version": "2.2.5",
      "Dependencies": [
        {
          "Item1": "AForge",
          "Item2": "[2.2.5, )"
        },
        {
          "Item1": "AForge.Math",
          "Item2": "[2.2.5, )"
        },
        {
          "Item1": "AForge.Genetic",
          "Item2": "[2.2.5, )"
        }
      ]
    },
    "AvalonEdit": {
      "Id": "AvalonEdit",
      "Version": "5.0.3",
      "Dependencies": []
    },
    "BitMiracle.Docotic.Pdf": {
      "Id": "BitMiracle.Docotic.Pdf",
      "Version": "5.9.9640",
      "Dependencies": []
    },
    "BouncyCastle": {
      "Id": "BouncyCastle",
      "Version": "1.8.5",
      "Dependencies": []
    },
    "ClosedXML": {
      "Id": "ClosedXML",
      "Version": "0.87.1",
      "Dependencies": [
        {
          "Item1": "DocumentFormat.OpenXml",
          "Item2": "[2.5.0, )"
        }
      ]
    },
    "CredentialManagement": {
      "Id": "CredentialManagement",
      "Version": "1.0.2",
      "Dependencies": []
    },
    "CsvHelper": {
      "Id": "CsvHelper",
      "Version": "2.13.5",
      "Dependencies": []
    },
    "DocumentFormat.OpenXml": {
      "Id": "DocumentFormat.OpenXml",
      "Version": "2.5.0",
      "Dependencies": []
    },
    "DocX": {
      "Id": "DocX",
      "Version": "1.0.0.18",
      "Dependencies": []
    },
    "Extended.Wpf.Toolkit": {
      "Id": "Extended.Wpf.Toolkit",
      "Version": "2.8.0",
      "Dependencies": []
    },
    "Fluent.Ribbon": {
      "Id": "Fluent.Ribbon",
      "Version": "3.5.1.198",
      "Dependencies": []
    },
    "FSharp.Core": {
      "Id": "FSharp.Core",
      "Version": "4.0.0.1",
      "Dependencies": []
    },
    "Google.Apis": {
      "Id": "Google.Apis",
      "Version": "1.39.0",
      "Dependencies": [
        {
          "Item1": "Google.Apis.Core",
          "Item2": "[1.39.0, )"
        },
        {
          "Item1": "Newtonsoft.Json",
          "Item2": "[10.0.2, )"
        }
      ]
    },
    "Google.Apis.Auth": {
      "Id": "Google.Apis.Auth",
      "Version": "1.39.0",
      "Dependencies": [
        {
          "Item1": "Google.Apis.Core",
          "Item2": "[1.39.0, )"
        },
        {
          "Item1": "Google.Apis",
          "Item2": "[1.39.0, )"
        }
      ]
    },
    "Google.Apis.Calendar.v3": {
      "Id": "Google.Apis.Calendar.v3",
      "Version": "1.39.0.1573",
      "Dependencies": [
        {
          "Item1": "Google.Apis",
          "Item2": "[1.39.0, )"
        },
        {
          "Item1": "Google.Apis.Auth",
          "Item2": "[1.39.0, )"
        }
      ]
    },
    "Google.Apis.Core": {
      "Id": "Google.Apis.Core",
      "Version": "1.39.0",
      "Dependencies": [
        {
          "Item1": "Newtonsoft.Json",
          "Item2": "[10.0.2, )"
        }
      ]
    },
    "Google.Apis.Docs.v1": {
      "Id": "Google.Apis.Docs.v1",
      "Version": "1.39.0.1576",
      "Dependencies": [
        {
          "Item1": "Google.Apis",
          "Item2": "[1.39.0, )"
        },
        {
          "Item1": "Google.Apis.Auth",
          "Item2": "[1.39.0, )"
        }
      ]
    },
    "Google.Apis.Drive.v3": {
      "Id": "Google.Apis.Drive.v3",
      "Version": "1.39.0.1566",
      "Dependencies": [
        {
          "Item1": "Google.Apis",
          "Item2": "[1.39.0, )"
        },
        {
          "Item1": "Google.Apis.Auth",
          "Item2": "[1.39.0, )"
        }
      ]
    },
    "Google.Apis.Gmail.v1": {
      "Id": "Google.Apis.Gmail.v1",
      "Version": "1.39.0.1572",
      "Dependencies": [
        {
          "Item1": "Google.Apis",
          "Item2": "[1.39.0, )"
        },
        {
          "Item1": "Google.Apis.Auth",
          "Item2": "[1.39.0, )"
        }
      ]
    },
    "Google.Apis.Sheets.v4": {
      "Id": "Google.Apis.Sheets.v4",
      "Version": "1.39.0.1565",
      "Dependencies": [
        {
          "Item1": "Google.Apis",
          "Item2": "[1.39.0, )"
        },
        {
          "Item1": "Google.Apis.Auth",
          "Item2": "[1.39.0, )"
        }
      ]
    },
    "Humanizer.Core": {
      "Id": "Humanizer.Core",
      "Version": "2.4.2",
      "Dependencies": []
    },
    "interop.domino.dll": {
      "Id": "interop.domino.dll",
      "Version": "1.0.0",
      "Dependencies": []
    },
    "IvanAkcheurov.NTextCat.Lib": {
      "Id": "IvanAkcheurov.NTextCat.Lib",
      "Version": "0.2.1.1",
      "Dependencies": []
    },
    "MathNet.Numerics": {
      "Id": "MathNet.Numerics",
      "Version": "4.5.1",
      "Dependencies": []
    },
    "Metrics.NET": {
      "Id": "Metrics.NET",
      "Version": "0.5.5",
      "Dependencies": []
    },
    "Microsoft.AspNet.SignalR.Client": {
      "Id": "Microsoft.AspNet.SignalR.Client",
      "Version": "2.4.0",
      "Dependencies": [
        {
          "Item1": "Newtonsoft.Json",
          "Item2": "[6.0.4, )"
        }
      ]
    },
    "Microsoft.Exchange.WebServices": {
      "Id": "Microsoft.Exchange.WebServices",
      "Version": "2.2.0",
      "Dependencies": []
    },
    "Microsoft.Extensions.FileSystemGlobbing": {
      "Id": "Microsoft.Extensions.FileSystemGlobbing",
      "Version": "2.2.0",
      "Dependencies": []
    },
    "Microsoft.Rest.ClientRuntime": {
      "Id": "Microsoft.Rest.ClientRuntime",
      "Version": "2.3.20",
      "Dependencies": [
        {
          "Item1": "Newtonsoft.Json",
          "Item2": "[10.0.3, )"
        }
      ]
    },
    "Microsoft.VisualStudio.OLE.Interop": {
      "Id": "Microsoft.VisualStudio.OLE.Interop",
      "Version": "7.10.6071",
      "Dependencies": []
    },
    "Microsoft.Xaml.Behaviors.Wpf": {
      "Id": "Microsoft.Xaml.Behaviors.Wpf",
      "Version": "1.0.1",
      "Dependencies": []
    },
    "MimeKit": {
      "Id": "MimeKit",
      "Version": "2.1.4",
      "Dependencies": [
        {
          "Item1": "BouncyCastle",
          "Item2": "[1.8.2, )"
        }
      ]
    },
    "Newtonsoft.Json": {
      "Id": "Newtonsoft.Json",
      "Version": "12.0.2",
      "Dependencies": []
    },
    "NodaTime": {
      "Id": "NodaTime",
      "Version": "2.4.5",
      "Dependencies": []
    },
    "NPOI": {
      "Id": "NPOI",
      "Version": "2.4.1",
      "Dependencies": [
        {
          "Item1": "SharpZipLib",
          "Item2": "[1.0.0, )"
        }
      ]
    },
    "Numsense": {
      "Id": "Numsense",
      "Version": "0.12.0",
      "Dependencies": [
        {
          "Item1": "FSharp.Core",
          "Item2": "[4.0.0.1, )"
        }
      ]
    },
    "RestSharp": {
      "Id": "RestSharp",
      "Version": "106.3.1",
      "Dependencies": []
    },
    "SharpZipLib": {
      "Id": "SharpZipLib",
      "Version": "1.0.0",
      "Dependencies": []
    },
    "SSH.NET": {
      "Id": "SSH.NET",
      "Version": "2013.4.7",
      "Dependencies": []
    },
    "System.Collections.Immutable": {
      "Id": "System.Collections.Immutable",
      "Version": "1.5.0",
      "Dependencies": []
    },
    "System.Net.FtpClient": {
      "Id": "System.Net.FtpClient",
      "Version": "1.0.5281.14359",
      "Dependencies": []
    },
    "System.Runtime.InteropServices.RuntimeInformation": {
      "Id": "System.Runtime.InteropServices.RuntimeInformation",
      "Version": "4.3.0",
      "Dependencies": []
    },
    "System.ValueTuple": {
      "Id": "System.ValueTuple",
      "Version": "4.5.0",
      "Dependencies": []
    },
    "Twilio": {
      "Id": "Twilio",
      "Version": "4.7.2",
      "Dependencies": [
        {
          "Item1": "RestSharp",
          "Item2": "[105.2.2, )"
        }
      ]
    },
    "UiPath": {
      "Id": "UiPath",
      "Version": "19.7.7128.27029",
      "Dependencies": []
    },
    "UiPath.CefSharpBundle": {
      "Id": "UiPath.CefSharpBundle",
      "Version": "1.1.0",
      "Dependencies": []
    },
    "UiPath.Cognitive.Activities": {
      "Id": "UiPath.Cognitive.Activities",
      "Version": "2.2.3",
      "Dependencies": [
        {
          "Item1": "Newtonsoft.Json",
          "Item2": "[11.0.2, )"
        }
      ]
    },
    "UiPath.ComputerVision.Activities": {
      "Id": "UiPath.ComputerVision.Activities",
      "Version": "2.0.1",
      "Dependencies": [
        {
          "Item1": "UiPath.UIAutomation.Activities",
          "Item2": "[19.4.1, )"
        },
        {
          "Item1": "UiPath.Vision",
          "Item2": "[1.6.0, )"
        },
        {
          "Item1": "UiPath.OCR.Contracts",
          "Item2": "[1.1.0, )"
        },
        {
          "Item1": "Newtonsoft.Json",
          "Item2": "[11.0.2, )"
        }
      ]
    },
    "UiPath.Credentials.Activities": {
      "Id": "UiPath.Credentials.Activities",
      "Version": "1.1.6479.13204",
      "Dependencies": [
        {
          "Item1": "CredentialManagement",
          "Item2": "[1.0.2, )"
        }
      ]
    },
    "UiPath.Cryptography.Activities": {
      "Id": "UiPath.Cryptography.Activities",
      "Version": "1.0.6863.32236",
      "Dependencies": []
    },
    "UiPath.Database.Activities": {
      "Id": "UiPath.Database.Activities",
      "Version": "1.2.6863.32528",
      "Dependencies": []
    },
    "UiPath.DocumentProcessing.Contracts": {
      "Id": "UiPath.DocumentProcessing.Contracts",
      "Version": "1.2.0",
      "Dependencies": [
        {
          "Item1": "Newtonsoft.Json",
          "Item2": "[11.0.2, )"
        }
      ]
    },
    "UiPath.Excel.Activities": {
      "Id": "UiPath.Excel.Activities",
      "Version": "2.6.3",
      "Dependencies": [
        {
          "Item1": "ClosedXML",
          "Item2": "[0.87.1, )"
        },
        {
          "Item1": "CsvHelper",
          "Item2": "[2.13.5, )"
        },
        {
          "Item1": "DocumentFormat.OpenXml",
          "Item2": "[2.5.0, )"
        },
        {
          "Item1": "Microsoft.VisualStudio.OLE.Interop",
          "Item2": "[7.10.6071, )"
        },
        {
          "Item1": "NPOI",
          "Item2": "[2.4.1, )"
        },
        {
          "Item1": "SharpZipLib",
          "Item2": "[1.0.0, )"
        }
      ]
    },
    "UiPath.FTP.Activities": {
      "Id": "UiPath.FTP.Activities",
      "Version": "1.0.6479.13206",
      "Dependencies": [
        {
          "Item1": "SSH.NET",
          "Item2": "[2013.4.7, )"
        },
        {
          "Item1": "System.Net.FtpClient",
          "Item2": "[1.0.5281.14359, )"
        }
      ]
    },
    "UiPath.GSuite.Activities": {
      "Id": "UiPath.GSuite.Activities",
      "Version": "1.2.0",
      "Dependencies": [
        {
          "Item1": "Google.Apis",
          "Item2": "[1.39.0, )"
        },
        {
          "Item1": "Google.Apis.Auth",
          "Item2": "[1.39.0, )"
        },
        {
          "Item1": "Google.Apis.Calendar.v3",
          "Item2": "[1.39.0, )"
        },
        {
          "Item1": "Google.Apis.Docs.v1",
          "Item2": "[1.39.0, )"
        },
        {
          "Item1": "Google.Apis.Core",
          "Item2": "[1.39.0, )"
        },
        {
          "Item1": "Google.Apis.Drive.v3",
          "Item2": "[1.39.0, )"
        },
        {
          "Item1": "Google.Apis.Gmail.v1",
          "Item2": "[1.39.0, )"
        },
        {
          "Item1": "Google.Apis.Sheets.v4",
          "Item2": "[1.39.0, )"
        },
        {
          "Item1": "MimeKit",
          "Item2": "[2.1.4, )"
        },
        {
          "Item1": "BouncyCastle",
          "Item2": "[1.8.5, )"
        },
        {
          "Item1": "Newtonsoft.Json",
          "Item2": "[10.0.3, )"
        },
        {
          "Item1": "NodaTime",
          "Item2": "[2.4.5, )"
        }
      ]
    },
    "UiPath.IntelligentOCR.Activities": {
      "Id": "UiPath.IntelligentOCR.Activities",
      "Version": "3.0.0",
      "Dependencies": [
        {
          "Item1": "UiPath.Vision",
          "Item2": "[1.7.0, )"
        },
        {
          "Item1": "UiPath.OCR.Contracts",
          "Item2": "[2.1.0, )"
        },
        {
          "Item1": "Microsoft.Xaml.Behaviors.Wpf",
          "Item2": "[1.0.1, )"
        },
        {
          "Item1": "System.Collections.Immutable",
          "Item2": "[1.5.0, )"
        },
        {
          "Item1": "System.ValueTuple",
          "Item2": "[4.5.0, )"
        },
        {
          "Item1": "UiPath.DocumentProcessing.Contracts",
          "Item2": "[1.2.0, )"
        },
        {
          "Item1": "BitMiracle.Docotic.Pdf",
          "Item2": "[5.9.9640, )"
        },
        {
          "Item1": "Metrics.NET",
          "Item2": "[0.5.5, )"
        },
        {
          "Item1": "IvanAkcheurov.NTextCat.Lib",
          "Item2": "[0.2.1.1, )"
        },
        {
          "Item1": "AForge.Imaging",
          "Item2": "[2.2.5, )"
        },
        {
          "Item1": "AForge.Neuro",
          "Item2": "[2.2.5, )"
        },
        {
          "Item1": "CsvHelper",
          "Item2": "[2.13.5, )"
        },
        {
          "Item1": "MathNet.Numerics",
          "Item2": "[4.5.1, )"
        },
        {
          "Item1": "UiPath.CefSharpBundle",
          "Item2": "[1.1.0, )"
        },
        {
          "Item1": "Numsense",
          "Item2": "[0.12.0, )"
        },
        {
          "Item1": "System.Runtime.InteropServices.RuntimeInformation",
          "Item2": "[4.3.0, )"
        }
      ]
    },
    "UiPath.Java.Activities": {
      "Id": "UiPath.Java.Activities",
      "Version": "1.0.6863.33114",
      "Dependencies": []
    },
    "UiPath.Mail.Activities": {
      "Id": "UiPath.Mail.Activities",
      "Version": "1.6.0",
      "Dependencies": [
        {
          "Item1": "System.ValueTuple",
          "Item2": "[4.5.0, )"
        },
        {
          "Item1": "Microsoft.Exchange.WebServices",
          "Item2": "[2.2.0, )"
        },
        {
          "Item1": "Microsoft.Extensions.FileSystemGlobbing",
          "Item2": "[2.2.0, )"
        },
        {
          "Item1": "BouncyCastle",
          "Item2": "[1.8.5, )"
        },
        {
          "Item1": "interop.domino.dll",
          "Item2": "[1.0.0, )"
        }
      ]
    },
    "UiPath.OCR.Contracts": {
      "Id": "UiPath.OCR.Contracts",
      "Version": "2.1.0",
      "Dependencies": []
    },
    "UiPath.OmniPage.Activities": {
      "Id": "UiPath.OmniPage.Activities",
      "Version": "1.1.0",
      "Dependencies": [
        {
          "Item1": "UiPath.OCR.Contracts",
          "Item2": "[2.1.0, )"
        },
        {
          "Item1": "UiPath.OmniPage.Bundle",
          "Item2": "[1.0.1, )"
        }
      ]
    },
    "UiPath.OmniPage.Bundle": {
      "Id": "UiPath.OmniPage.Bundle",
      "Version": "1.0.1",
      "Dependencies": []
    },
    "UiPath.OmniPage.Bundle.Extended": {
      "Id": "UiPath.OmniPage.Bundle.Extended",
      "Version": "1.0.0",
      "Dependencies": []
    },
    "UiPath.PDF.Activities": {
      "Id": "UiPath.PDF.Activities",
      "Version": "2.1.0",
      "Dependencies": [
        {
          "Item1": "UiPath.OCR.Contracts",
          "Item2": "[1.0.0, )"
        },
        {
          "Item1": "System.ValueTuple",
          "Item2": "[4.5.0, )"
        },
        {
          "Item1": "BitMiracle.Docotic.Pdf",
          "Item2": "[5.2.8369, )"
        }
      ]
    },
    "UiPath.Python.Activities": {
      "Id": "UiPath.Python.Activities",
      "Version": "1.1.6863.33404",
      "Dependencies": []
    },
    "UiPath.Salesforce.Activities": {
      "Id": "UiPath.Salesforce.Activities",
      "Version": "1.0.1",
      "Dependencies": [
        {
          "Item1": "Newtonsoft.Json",
          "Item2": "[12.0.2, )"
        },
        {
          "Item1": "RestSharp",
          "Item2": "[106.3.1, )"
        }
      ]
    },
    "UiPath.System.Activities": {
      "Id": "UiPath.System.Activities",
      "Version": "19.8.0",
      "Dependencies": [
        {
          "Item1": "CsvHelper",
          "Item2": "[2.13.5, )"
        },
        {
          "Item1": "Microsoft.AspNet.SignalR.Client",
          "Item2": "[2.4.0, )"
        },
        {
          "Item1": "Microsoft.Extensions.FileSystemGlobbing",
          "Item2": "[2.2.0, )"
        },
        {
          "Item1": "Microsoft.Rest.ClientRuntime",
          "Item2": "[2.3.20, )"
        },
        {
          "Item1": "Newtonsoft.Json",
          "Item2": "[11.0.2, )"
        }
      ]
    },
    "UiPath.Terminal.Activities": {
      "Id": "UiPath.Terminal.Activities",
      "Version": "1.3.3",
      "Dependencies": [
        {
          "Item1": "Fluent.Ribbon",
          "Item2": "[3.5.1.198, )"
        }
      ]
    },
    "UiPath.UIAutomation.Activities": {
      "Id": "UiPath.UIAutomation.Activities",
      "Version": "19.7.0",
      "Dependencies": [
        {
          "Item1": "UiPath",
          "Item2": "[19.7.7128.27029, )"
        },
        {
          "Item1": "UiPath.Vision",
          "Item2": "[1.6.1, )"
        },
        {
          "Item1": "UiPath.OCR.Contracts",
          "Item2": "[2.0.0, )"
        },
        {
          "Item1": "AvalonEdit",
          "Item2": "[5.0.3, )"
        },
        {
          "Item1": "Extended.Wpf.Toolkit",
          "Item2": "[2.8.0, )"
        },
        {
          "Item1": "Humanizer.Core",
          "Item2": "[2.4.2, )"
        }
      ]
    },
    "UiPath.Vision": {
      "Id": "UiPath.Vision",
      "Version": "1.7.0",
      "Dependencies": []
    },
    "UiPath.WebAPI.Activities": {
      "Id": "UiPath.WebAPI.Activities",
      "Version": "1.4.3",
      "Dependencies": [
        {
          "Item1": "AvalonEdit",
          "Item2": "[5.0.3, )"
        },
        {
          "Item1": "Newtonsoft.Json",
          "Item2": "[11.0.2, )"
        },
        {
          "Item1": "RestSharp",
          "Item2": "[106.3.1, )"
        }
      ]
    },
    "UiPath.Word.Activities": {
      "Id": "UiPath.Word.Activities",
      "Version": "1.3.3",
      "Dependencies": [
        {
          "Item1": "DocX",
          "Item2": "[1.0.0.18, )"
        }
      ]
    }
  }
}